Date,Region_Name,Average_Price
01/04/1968,England,3218
01/04/1968,Wales,2732
01/04/1968,Scotland,2738
01/04/1968,United Kingdom,3311
01/05/1968,England,3218
01/05/1968,Wales,2732
01/05/1968,Scotland,2738
01/05/1968,United Kingdom,3311
01/06/1968,Scotland,2738
01/06/1968,Wales,2732
01/06/1968,England,3218
01/06/1968,United Kingdom,3311
01/07/1968,England,3327
01/07/1968,Wales,2864
01/07/1968,Scotland,3001
01/07/1968,United Kingdom,3424
01/08/1968,Scotland,3001
01/08/1968,Wales,2864
01/08/1968,England,3327
01/08/1968,United Kingdom,3424
01/09/1968,Scotland,3001
01/09/1968,Wales,2864
01/09/1968,England,3327
01/09/1968,United Kingdom,3424
01/10/1968,Wales,2878
01/10/1968,England,3309
01/10/1968,Scotland,2811
01/10/1968,United Kingdom,3405
01/11/1968,England,3309
01/11/1968,Wales,2878
01/11/1968,Scotland,2811
01/11/1968,United Kingdom,3405
01/12/1968,Scotland,2811
01/12/1968,Wales,2878
01/12/1968,England,3309
01/12/1968,United Kingdom,3405
01/01/1969,Scotland,3031
01/01/1969,Wales,2878
01/01/1969,England,3364
01/01/1969,United Kingdom,3461
01/02/1969,England,3364
01/02/1969,Scotland,3031
01/02/1969,Wales,2878
01/02/1969,United Kingdom,3461
01/03/1969,Scotland,3031
01/03/1969,England,3364
01/03/1969,Wales,2878
01/03/1969,United Kingdom,3461
01/04/1969,Wales,2805
01/04/1969,Scotland,3060
01/04/1969,England,3419
01/04/1969,United Kingdom,3517
01/05/1969,England,3419
01/05/1969,Scotland,3060
01/05/1969,Wales,2805
01/05/1969,United Kingdom,3517
01/06/1969,Wales,2805
01/06/1969,England,3419
01/06/1969,Scotland,3060
01/06/1969,United Kingdom,3517
01/07/1969,Wales,2893
01/07/1969,Scotland,3031
01/07/1969,England,3474
01/07/1969,United Kingdom,3554
01/08/1969,England,3474
01/08/1969,Wales,2893
01/08/1969,Scotland,3031
01/08/1969,United Kingdom,3554
01/09/1969,Wales,2893
01/09/1969,England,3474
01/09/1969,Scotland,3031
01/09/1969,United Kingdom,3554
01/10/1969,Wales,3127
01/10/1969,England,3492
01/10/1969,Scotland,3001
01/10/1969,United Kingdom,3592
01/11/1969,Scotland,3001
01/11/1969,England,3492
01/11/1969,Wales,3127
01/11/1969,United Kingdom,3592
01/12/1969,England,3492
01/12/1969,Scotland,3001
01/12/1969,Wales,3127
01/12/1969,United Kingdom,3592
01/01/1970,Scotland,3104
01/01/1970,Wales,3010
01/01/1970,England,3510
01/01/1970,United Kingdom,3611
01/02/1970,Wales,3010
01/02/1970,Scotland,3104
01/02/1970,England,3510
01/02/1970,United Kingdom,3611
01/03/1970,England,3510
01/03/1970,Scotland,3104
01/03/1970,Wales,3010
01/03/1970,United Kingdom,3611
01/04/1970,Scotland,3294
01/04/1970,Wales,3127
01/04/1970,England,3565
01/04/1970,United Kingdom,3667
01/05/1970,Scotland,3294
01/05/1970,England,3565
01/05/1970,Wales,3127
01/05/1970,United Kingdom,3667
01/06/1970,England,3565
01/06/1970,Wales,3127
01/06/1970,Scotland,3294
01/06/1970,United Kingdom,3667
01/07/1970,Scotland,3236
01/07/1970,Wales,3273
01/07/1970,England,3730
01/07/1970,United Kingdom,3835
01/08/1970,England,3730
01/08/1970,Scotland,3236
01/08/1970,Wales,3273
01/08/1970,United Kingdom,3835
01/09/1970,Scotland,3236
01/09/1970,England,3730
01/09/1970,Wales,3273
01/09/1970,United Kingdom,3835
01/10/1970,Scotland,3353
01/10/1970,Wales,3214
01/10/1970,England,3730
01/10/1970,United Kingdom,3835
01/11/1970,Wales,3214
01/11/1970,Scotland,3353
01/11/1970,England,3730
01/11/1970,United Kingdom,3835
01/12/1970,England,3730
01/12/1970,Scotland,3353
01/12/1970,Wales,3214
01/12/1970,United Kingdom,3835
01/01/1971,Wales,3156
01/01/1971,Scotland,3294
01/01/1971,England,3839
01/01/1971,United Kingdom,3929
01/02/1971,England,3839
01/02/1971,Wales,3156
01/02/1971,Scotland,3294
01/02/1971,United Kingdom,3929
01/03/1971,England,3839
01/03/1971,Wales,3156
01/03/1971,Scotland,3294
01/03/1971,United Kingdom,3929
01/04/1971,Scotland,3353
01/04/1971,Wales,3360
01/04/1971,England,3949
01/04/1971,United Kingdom,4041
01/05/1971,Scotland,3353
01/05/1971,England,3949
01/05/1971,Wales,3360
01/05/1971,United Kingdom,4041
01/06/1971,Scotland,3353
01/06/1971,England,3949
01/06/1971,Wales,3360
01/06/1971,United Kingdom,4041
01/07/1971,Wales,3521
01/07/1971,Scotland,3719
01/07/1971,England,4168
01/07/1971,United Kingdom,4284
01/08/1971,England,4168
01/08/1971,Wales,3521
01/08/1971,Scotland,3719
01/08/1971,United Kingdom,4284
01/09/1971,Wales,3521
01/09/1971,England,4168
01/09/1971,Scotland,3719
01/09/1971,United Kingdom,4284
01/10/1971,England,4388
01/10/1971,Wales,3506
01/10/1971,Scotland,3558
01/10/1971,United Kingdom,4471
01/11/1971,Scotland,3558
01/11/1971,England,4388
01/11/1971,Wales,3506
01/11/1971,United Kingdom,4471
01/12/1971,Scotland,3558
01/12/1971,Wales,3506
01/12/1971,England,4388
01/12/1971,United Kingdom,4471
01/01/1972,Wales,3813
01/01/1972,Scotland,3733
01/01/1972,England,4644
01/01/1972,United Kingdom,4752
01/02/1972,Scotland,3733
01/02/1972,England,4644
01/02/1972,Wales,3813
01/02/1972,United Kingdom,4752
01/03/1972,Wales,3813
01/03/1972,England,4644
01/03/1972,Scotland,3733
01/03/1972,United Kingdom,4752
01/04/1972,Scotland,4114
01/04/1972,England,5119
01/04/1972,Wales,3959
01/04/1972,United Kingdom,5201
01/05/1972,England,5119
01/05/1972,Wales,3959
01/05/1972,Scotland,4114
01/05/1972,United Kingdom,5201
01/06/1972,Wales,3959
01/06/1972,Scotland,4114
01/06/1972,England,5119
01/06/1972,United Kingdom,5201
01/07/1972,Scotland,4363
01/07/1972,Wales,4412
01/07/1972,England,5905
01/07/1972,United Kingdom,5986
01/08/1972,Wales,4412
01/08/1972,England,5905
01/08/1972,Scotland,4363
01/08/1972,United Kingdom,5986
01/09/1972,Scotland,4363
01/09/1972,England,5905
01/09/1972,Wales,4412
01/09/1972,United Kingdom,5986
01/10/1972,Scotland,4392
01/10/1972,Wales,4953
01/10/1972,England,6563
01/10/1972,United Kingdom,6417
01/11/1972,England,6563
01/11/1972,Scotland,4392
01/11/1972,Wales,4953
01/11/1972,United Kingdom,6417
01/12/1972,England,6563
01/12/1972,Scotland,4392
01/12/1972,Wales,4953
01/12/1972,United Kingdom,6417
01/01/1973,England,7075
01/01/1973,Scotland,5066
01/01/1973,Wales,5347
01/01/1973,United Kingdom,7146
01/02/1973,Scotland,5066
01/02/1973,Wales,5347
01/02/1973,England,7075
01/02/1973,United Kingdom,7146
01/03/1973,Wales,5347
01/03/1973,England,7075
01/03/1973,Scotland,5066
01/03/1973,United Kingdom,7146
01/04/1973,Wales,5625
01/04/1973,Scotland,5256
01/04/1973,England,7423
01/04/1973,United Kingdom,7502
01/05/1973,Scotland,5256
01/05/1973,England,7423
01/05/1973,Wales,5625
01/05/1973,United Kingdom,7502
01/06/1973,Wales,5625
01/06/1973,England,7423
01/06/1973,Scotland,5256
01/06/1973,United Kingdom,7502
01/07/1973,Scotland,6120
01/07/1973,England,7898
01/07/1973,Wales,6268
01/07/1973,United Kingdom,8007
01/08/1973,England,7898
01/08/1973,Wales,6268
01/08/1973,Scotland,6120
01/08/1973,United Kingdom,8007
01/09/1973,Scotland,6120
01/09/1973,England,7898
01/09/1973,Wales,6268
01/09/1973,United Kingdom,8007
01/10/1973,Scotland,6046
01/10/1973,England,7971
01/10/1973,Wales,6560
01/10/1973,United Kingdom,8100
01/11/1973,England,7971
01/11/1973,Wales,6560
01/11/1973,Scotland,6046
01/11/1973,United Kingdom,8100
01/12/1973,Wales,6560
01/12/1973,Scotland,6046
01/12/1973,England,7971
01/12/1973,United Kingdom,8100
01/01/1974,England,8081
01/01/1974,Scotland,6237
01/01/1974,Wales,6297
01/01/1974,United Kingdom,8213
01/02/1974,England,8081
01/02/1974,Scotland,6237
01/02/1974,Wales,6297
01/02/1974,United Kingdom,8213
01/03/1974,England,8081
01/03/1974,Wales,6297
01/03/1974,Scotland,6237
01/03/1974,United Kingdom,8213
01/04/1974,England,8081
01/04/1974,Scotland,6398
01/04/1974,Wales,6385
01/04/1974,United Kingdom,8231
01/05/1974,England,8081
01/05/1974,Scotland,6398
01/05/1974,Wales,6385
01/05/1974,United Kingdom,8231
01/06/1974,Scotland,6398
01/06/1974,Wales,6385
01/06/1974,England,8081
01/06/1974,United Kingdom,8231
01/07/1974,England,8136
01/07/1974,Scotland,6456
01/07/1974,Wales,6618
01/07/1974,United Kingdom,8306
01/08/1974,Wales,6618
01/08/1974,Scotland,6456
01/08/1974,England,8136
01/08/1974,United Kingdom,8306
01/09/1974,Wales,6618
01/09/1974,England,8136
01/09/1974,Scotland,6456
01/09/1974,United Kingdom,8306
01/10/1974,England,8245
01/10/1974,Wales,6984
01/10/1974,Scotland,6442
01/10/1974,United Kingdom,8418
01/11/1974,Scotland,6442
01/11/1974,Wales,6984
01/11/1974,England,8245
01/11/1974,United Kingdom,8418
01/12/1974,England,8245
01/12/1974,Scotland,6442
01/12/1974,Wales,6984
01/12/1974,United Kingdom,8418
01/01/1975,England,8264
01/01/1975,Scotland,6691
01/01/1975,Wales,6823
01/01/1975,United Kingdom,8456
01/02/1975,Scotland,6691
01/02/1975,Wales,6823
01/02/1975,England,8264
01/02/1975,United Kingdom,8456
01/03/1975,Wales,6823
01/03/1975,England,8264
01/03/1975,Scotland,6691
01/03/1975,United Kingdom,8456
01/04/1975,Wales,6984
01/04/1975,Scotland,6983
01/04/1975,England,8501
01/04/1975,United Kingdom,8680
01/05/1975,England,8501
01/05/1975,Wales,6984
01/05/1975,Scotland,6983
01/05/1975,United Kingdom,8680
01/06/1975,Wales,6984
01/06/1975,England,8501
01/06/1975,Scotland,6983
01/06/1975,United Kingdom,8680
01/07/1975,England,8702
01/07/1975,Scotland,7525
01/07/1975,Wales,7422
01/07/1975,United Kingdom,8942
01/08/1975,England,8702
01/08/1975,Wales,7422
01/08/1975,Scotland,7525
01/08/1975,United Kingdom,8942
01/09/1975,Wales,7422
01/09/1975,England,8702
01/09/1975,Scotland,7525
01/09/1975,United Kingdom,8942
01/10/1975,Scotland,7657
01/10/1975,England,8812
01/10/1975,Wales,7276
01/10/1975,United Kingdom,9036
01/11/1975,England,8812
01/11/1975,Scotland,7657
01/11/1975,Wales,7276
01/11/1975,United Kingdom,9036
01/12/1975,Wales,7276
01/12/1975,Scotland,7657
01/12/1975,England,8812
01/12/1975,United Kingdom,9036
01/01/1976,Wales,7670
01/01/1976,England,8958
01/01/1976,Scotland,8096
01/01/1976,United Kingdom,9223
01/02/1976,England,8958
01/02/1976,Wales,7670
01/02/1976,Scotland,8096
01/02/1976,United Kingdom,9223
01/03/1976,England,8958
01/03/1976,Wales,7670
01/03/1976,Scotland,8096
01/03/1976,United Kingdom,9223
01/04/1976,England,9178
01/04/1976,Wales,7699
01/04/1976,Scotland,8579
01/04/1976,United Kingdom,9466
01/05/1976,England,9178
01/05/1976,Wales,7699
01/05/1976,Scotland,8579
01/05/1976,United Kingdom,9466
01/06/1976,Wales,7699
01/06/1976,England,9178
01/06/1976,Scotland,8579
01/06/1976,United Kingdom,9466
01/07/1976,England,9379
01/07/1976,Wales,7919
01/07/1976,Scotland,8887
01/07/1976,United Kingdom,9691
01/08/1976,England,9379
01/08/1976,Wales,7919
01/08/1976,Scotland,8887
01/08/1976,United Kingdom,9691
01/09/1976,Wales,7919
01/09/1976,England,9379
01/09/1976,Scotland,8887
01/09/1976,United Kingdom,9691
01/10/1976,Wales,8109
01/10/1976,England,9543
01/10/1976,Scotland,8901
01/10/1976,United Kingdom,9840
01/11/1976,Wales,8109
01/11/1976,Scotland,8901
01/11/1976,England,9543
01/11/1976,United Kingdom,9840
01/12/1976,England,9543
01/12/1976,Wales,8109
01/12/1976,Scotland,8901
01/12/1976,United Kingdom,9840
01/01/1977,England,9617
01/01/1977,Scotland,9018
01/01/1977,Wales,7933
01/01/1977,United Kingdom,9915
01/02/1977,England,9617
01/02/1977,Scotland,9018
01/02/1977,Wales,7933
01/02/1977,United Kingdom,9915
01/03/1977,Scotland,9018
01/03/1977,England,9617
01/03/1977,Wales,7933
01/03/1977,United Kingdom,9915
01/04/1977,Wales,8269
01/04/1977,England,9745
01/04/1977,Scotland,9180
01/04/1977,United Kingdom,10065
01/05/1977,Wales,8269
01/05/1977,England,9745
01/05/1977,Scotland,9180
01/05/1977,United Kingdom,10065
01/06/1977,Scotland,9180
01/06/1977,Wales,8269
01/06/1977,England,9745
01/06/1977,United Kingdom,10065
01/07/1977,England,10037
01/07/1977,Wales,8313
01/07/1977,Scotland,9619
01/07/1977,United Kingdom,10364
01/08/1977,Wales,8313
01/08/1977,England,10037
01/08/1977,Scotland,9619
01/08/1977,United Kingdom,10364
01/09/1977,Wales,8313
01/09/1977,England,10037
01/09/1977,Scotland,9619
01/09/1977,United Kingdom,10364
01/10/1977,Wales,8561
01/10/1977,England,10348
01/10/1977,Scotland,9853
01/10/1977,United Kingdom,10682
01/11/1977,England,10348
01/11/1977,Wales,8561
01/11/1977,Scotland,9853
01/11/1977,United Kingdom,10682
01/12/1977,Wales,8561
01/12/1977,Scotland,9853
01/12/1977,England,10348
01/12/1977,United Kingdom,10682
01/01/1978,England,10567
01/01/1978,Scotland,9765
01/01/1978,Wales,9117
01/01/1978,United Kingdom,10925
01/02/1978,Wales,9117
01/02/1978,England,10567
01/02/1978,Scotland,9765
01/02/1978,United Kingdom,10925
01/03/1978,Scotland,9765
01/03/1978,Wales,9117
01/03/1978,England,10567
01/03/1978,United Kingdom,10925
01/04/1978,Wales,9219
01/04/1978,England,11097
01/04/1978,Scotland,10278
01/04/1978,United Kingdom,11449
01/05/1978,Scotland,10278
01/05/1978,England,11097
01/05/1978,Wales,9219
01/05/1978,United Kingdom,11449
01/06/1978,England,11097
01/06/1978,Wales,9219
01/06/1978,Scotland,10278
01/06/1978,United Kingdom,11449
01/07/1978,Wales,9803
01/07/1978,England,11884
01/07/1978,Scotland,10980
01/07/1978,United Kingdom,12254
01/08/1978,Scotland,10980
01/08/1978,Wales,9803
01/08/1978,England,11884
01/08/1978,United Kingdom,12254
01/09/1978,Wales,9803
01/09/1978,Scotland,10980
01/09/1978,England,11884
01/09/1978,United Kingdom,12254
01/10/1978,Scotland,11522
01/10/1978,Wales,10315
01/10/1978,England,12743
01/10/1978,United Kingdom,13114
01/11/1978,Wales,10315
01/11/1978,England,12743
01/11/1978,Scotland,11522
01/11/1978,United Kingdom,13114
01/12/1978,Wales,10315
01/12/1978,Scotland,11522
01/12/1978,England,12743
01/12/1978,United Kingdom,13114
01/01/1979,Wales,10680
01/01/1979,England,13419
01/01/1979,Scotland,11815
01/01/1979,United Kingdom,13806
01/02/1979,Scotland,11815
01/02/1979,Wales,10680
01/02/1979,England,13419
01/02/1979,United Kingdom,13806
01/03/1979,Scotland,11815
01/03/1979,Wales,10680
01/03/1979,England,13419
01/03/1979,United Kingdom,13806
01/04/1979,Scotland,12313
01/04/1979,Wales,11790
01/04/1979,England,14480
01/04/1979,United Kingdom,14873
01/05/1979,Wales,11790
01/05/1979,Scotland,12313
01/05/1979,England,14480
01/05/1979,United Kingdom,14873
01/06/1979,England,14480
01/06/1979,Scotland,12313
01/06/1979,Wales,11790
01/06/1979,United Kingdom,14873
01/07/1979,Scotland,13425
01/07/1979,Wales,12784
01/07/1979,England,15540
01/07/1979,United Kingdom,16014
01/08/1979,England,15540
01/08/1979,Scotland,13425
01/08/1979,Wales,12784
01/08/1979,United Kingdom,16014
01/09/1979,England,15540
01/09/1979,Wales,12784
01/09/1979,Scotland,13425
01/09/1979,United Kingdom,16014
01/10/1979,England,16655
01/10/1979,Wales,13602
01/10/1979,Scotland,13396
01/10/1979,United Kingdom,17080
01/11/1979,Scotland,13396
01/11/1979,Wales,13602
01/11/1979,England,16655
01/11/1979,United Kingdom,17080
01/12/1979,Wales,13602
01/12/1979,Scotland,13396
01/12/1979,England,16655
01/12/1979,United Kingdom,17080
01/01/1980,Scotland,14040
01/01/1980,Wales,13719
01/01/1980,England,17350
01/01/1980,United Kingdom,17754
01/02/1980,England,17350
01/02/1980,Scotland,14040
01/02/1980,Wales,13719
01/02/1980,United Kingdom,17754
01/03/1980,Wales,13719
01/03/1980,Scotland,14040
01/03/1980,England,17350
01/03/1980,United Kingdom,17754
01/04/1980,Wales,14435
01/04/1980,Scotland,14157
01/04/1980,England,18063
01/04/1980,United Kingdom,18464
01/05/1980,Wales,14435
01/05/1980,England,18063
01/05/1980,Scotland,14157
01/05/1980,United Kingdom,18464
01/06/1980,Scotland,14157
01/06/1980,Wales,14435
01/06/1980,England,18063
01/06/1980,United Kingdom,18464
01/07/1980,Scotland,15167
01/07/1980,Wales,14844
01/07/1980,England,18630
01/07/1980,United Kingdom,19213
01/08/1980,Wales,14844
01/08/1980,England,18630
01/08/1980,Scotland,15167
01/08/1980,United Kingdom,19213
01/09/1980,Scotland,15167
01/09/1980,Wales,14844
01/09/1980,England,18630
01/09/1980,United Kingdom,19213
01/10/1980,Scotland,14933
01/10/1980,Wales,15574
01/10/1980,England,18813
01/10/1980,United Kingdom,19250
01/11/1980,Scotland,14933
01/11/1980,Wales,15574
01/11/1980,England,18813
01/11/1980,United Kingdom,19250
01/12/1980,England,18813
01/12/1980,Scotland,14933
01/12/1980,Wales,15574
01/12/1980,United Kingdom,19250
01/01/1981,England,18849
01/01/1981,Wales,15034
01/01/1981,Scotland,15358
01/01/1981,United Kingdom,19288
01/02/1981,England,18849
01/02/1981,Wales,15034
01/02/1981,Scotland,15358
01/02/1981,United Kingdom,19288
01/03/1981,Scotland,15358
01/03/1981,England,18849
01/03/1981,Wales,15034
01/03/1981,United Kingdom,19288
01/04/1981,Wales,15823
01/04/1981,Scotland,16134
01/04/1981,England,19343
01/04/1981,United Kingdom,19811
01/05/1981,Wales,15823
01/05/1981,Scotland,16134
01/05/1981,England,19343
01/05/1981,United Kingdom,19811
01/06/1981,Wales,15823
01/06/1981,Scotland,16134
01/06/1981,England,19343
01/06/1981,United Kingdom,19811
01/07/1981,Wales,17167
01/07/1981,Scotland,16295
01/07/1981,England,19599
01/07/1981,United Kingdom,20129
01/08/1981,Scotland,16295
01/08/1981,England,19599
01/08/1981,Wales,17167
01/08/1981,United Kingdom,20129
01/09/1981,England,19599
01/09/1981,Wales,17167
01/09/1981,Scotland,16295
01/09/1981,United Kingdom,20129
01/10/1981,Wales,15384
01/10/1981,England,19270
01/10/1981,Scotland,16368
01/10/1981,United Kingdom,19737
01/11/1981,Scotland,16368
01/11/1981,England,19270
01/11/1981,Wales,15384
01/11/1981,United Kingdom,19737
01/12/1981,England,19270
01/12/1981,Scotland,16368
01/12/1981,Wales,15384
01/12/1981,United Kingdom,19737
01/01/1982,Scotland,16295
01/01/1982,England,18740
01/01/1982,Wales,15472
01/01/1982,United Kingdom,19250
01/02/1982,Scotland,16295
01/02/1982,Wales,15472
01/02/1982,England,18740
01/02/1982,United Kingdom,19250
01/03/1982,Scotland,16295
01/03/1982,England,18740
01/03/1982,Wales,15472
01/03/1982,United Kingdom,19250
01/04/1982,Wales,16801
01/04/1982,Scotland,17027
01/04/1982,England,19526
01/04/1982,United Kingdom,20092
01/05/1982,Wales,16801
01/05/1982,England,19526
01/05/1982,Scotland,17027
01/05/1982,United Kingdom,20092
01/06/1982,Scotland,17027
01/06/1982,England,19526
01/06/1982,Wales,16801
01/06/1982,United Kingdom,20092
01/07/1982,Wales,17181
01/07/1982,England,20038
01/07/1982,Scotland,17173
01/07/1982,United Kingdom,20597
01/08/1982,Wales,17181
01/08/1982,England,20038
01/08/1982,Scotland,17173
01/08/1982,United Kingdom,20597
01/09/1982,Wales,17181
01/09/1982,England,20038
01/09/1982,Scotland,17173
01/09/1982,United Kingdom,20597
01/10/1982,Scotland,17729
01/10/1982,England,20312
01/10/1982,Wales,17254
01/10/1982,United Kingdom,20896
01/11/1982,Scotland,17729
01/11/1982,England,20312
01/11/1982,Wales,17254
01/11/1982,United Kingdom,20896
01/12/1982,England,20312
01/12/1982,Scotland,17729
01/12/1982,Wales,17254
01/12/1982,United Kingdom,20896
01/01/1983,England,21025
01/01/1983,Scotland,18154
01/01/1983,Wales,17094
01/01/1983,United Kingdom,21514
01/02/1983,Scotland,18154
01/02/1983,Wales,17094
01/02/1983,England,21025
01/02/1983,United Kingdom,21514
01/03/1983,England,21025
01/03/1983,Scotland,18154
01/03/1983,Wales,17094
01/03/1983,United Kingdom,21514
01/04/1983,England,21573
01/04/1983,Wales,17824
01/04/1983,Scotland,19472
01/04/1983,United Kingdom,22262
01/05/1983,Wales,17824
01/05/1983,England,21573
01/05/1983,Scotland,19472
01/05/1983,United Kingdom,22262
01/06/1983,Wales,17824
01/06/1983,England,21573
01/06/1983,Scotland,19472
01/06/1983,United Kingdom,22262
01/07/1983,Scotland,19032
01/07/1983,England,22487
01/07/1983,Wales,18993
01/07/1983,United Kingdom,23197
01/08/1983,Wales,18993
01/08/1983,Scotland,19032
01/08/1983,England,22487
01/08/1983,United Kingdom,23197
01/09/1983,England,22487
01/09/1983,Scotland,19032
01/09/1983,Wales,18993
01/09/1983,United Kingdom,23197
01/10/1983,Scotland,19911
01/10/1983,Wales,19285
01/10/1983,England,22670
01/10/1983,United Kingdom,23385
01/11/1983,Wales,19285
01/11/1983,Scotland,19911
01/11/1983,England,22670
01/11/1983,United Kingdom,23385
01/12/1983,England,22670
01/12/1983,Scotland,19911
01/12/1983,Wales,19285
01/12/1983,United Kingdom,23385
01/01/1984,England,23036
01/01/1984,Scotland,19325
01/01/1984,Wales,18555
01/01/1984,United Kingdom,23572
01/02/1984,Wales,18555
01/02/1984,England,23036
01/02/1984,Scotland,19325
01/02/1984,United Kingdom,23572
01/03/1984,England,23036
01/03/1984,Scotland,19325
01/03/1984,Wales,18555
01/03/1984,United Kingdom,23572
01/04/1984,England,23767
01/04/1984,Scotland,20204
01/04/1984,Wales,18701
01/04/1984,United Kingdom,24320
01/05/1984,England,23767
01/05/1984,Scotland,20204
01/05/1984,Wales,18701
01/05/1984,United Kingdom,24320
01/06/1984,England,23767
01/06/1984,Scotland,20204
01/06/1984,Wales,18701
01/06/1984,United Kingdom,24320
01/07/1984,England,24681
01/07/1984,Scotland,20936
01/07/1984,Wales,19285
01/07/1984,United Kingdom,25255
01/08/1984,England,24681
01/08/1984,Scotland,20936
01/08/1984,Wales,19285
01/08/1984,United Kingdom,25255
01/09/1984,England,24681
01/09/1984,Scotland,20936
01/09/1984,Wales,19285
01/09/1984,United Kingdom,25255
01/10/1984,England,25047
01/10/1984,Scotland,20789
01/10/1984,Wales,19577
01/10/1984,United Kingdom,25629
01/11/1984,England,25047
01/11/1984,Wales,19577
01/11/1984,Scotland,20789
01/11/1984,United Kingdom,25629
01/12/1984,Wales,19577
01/12/1984,Scotland,20789
01/12/1984,England,25047
01/12/1984,United Kingdom,25629
01/01/1985,England,25047
01/01/1985,Scotland,20643
01/01/1985,Wales,20308
01/01/1985,United Kingdom,25629
01/02/1985,Scotland,20643
01/02/1985,England,25047
01/02/1985,Wales,20308
01/02/1985,United Kingdom,25629
01/03/1985,Scotland,20643
01/03/1985,Wales,20308
01/03/1985,England,25047
01/03/1985,United Kingdom,25629
01/04/1985,Wales,20162
01/04/1985,Scotland,21668
01/04/1985,England,25961
01/04/1985,United Kingdom,26565
01/05/1985,England,25961
01/05/1985,Scotland,21668
01/05/1985,Wales,20162
01/05/1985,United Kingdom,26565
01/06/1985,Scotland,21668
01/06/1985,Wales,20162
01/06/1985,England,25961
01/06/1985,United Kingdom,26565
01/07/1985,Wales,20746
01/07/1985,England,26692
01/07/1985,Scotland,21521
01/07/1985,United Kingdom,27126
01/08/1985,Scotland,21521
01/08/1985,Wales,20746
01/08/1985,England,26692
01/08/1985,United Kingdom,27126
01/09/1985,England,26692
01/09/1985,Wales,20746
01/09/1985,Scotland,21521
01/09/1985,United Kingdom,27126
01/10/1985,Wales,20746
01/10/1985,England,27424
01/10/1985,Scotland,21961
01/10/1985,United Kingdom,28061
01/11/1985,England,27424
01/11/1985,Scotland,21961
01/11/1985,Wales,20746
01/11/1985,United Kingdom,28061
01/12/1985,Wales,20746
01/12/1985,England,27424
01/12/1985,Scotland,21961
01/12/1985,United Kingdom,28061
01/01/1986,Scotland,22107
01/01/1986,Wales,20892
01/01/1986,England,28155
01/01/1986,United Kingdom,28623
01/02/1986,Scotland,22107
01/02/1986,Wales,20892
01/02/1986,England,28155
01/02/1986,United Kingdom,28623
01/03/1986,Wales,20892
01/03/1986,Scotland,22107
01/03/1986,England,28155
01/03/1986,United Kingdom,28623
01/04/1986,Wales,21038
01/04/1986,England,29435
01/04/1986,Scotland,22693
01/04/1986,United Kingdom,29932
01/05/1986,England,29435
01/05/1986,Wales,21038
01/05/1986,Scotland,22693
01/05/1986,United Kingdom,29932
01/06/1986,Scotland,22693
01/06/1986,Wales,21038
01/06/1986,England,29435
01/06/1986,United Kingdom,29932
01/07/1986,Wales,22938
01/07/1986,England,30897
01/07/1986,Scotland,22693
01/07/1986,United Kingdom,31242
01/08/1986,Scotland,22693
01/08/1986,Wales,22938
01/08/1986,England,30897
01/08/1986,United Kingdom,31242
01/09/1986,Scotland,22693
01/09/1986,England,30897
01/09/1986,Wales,22938
01/09/1986,United Kingdom,31242
01/10/1986,Scotland,23132
01/10/1986,England,31994
01/10/1986,Wales,22645
01/10/1986,United Kingdom,32177
01/11/1986,England,31994
01/11/1986,Scotland,23132
01/11/1986,Wales,22645
01/11/1986,United Kingdom,32177
01/12/1986,Wales,22645
01/12/1986,England,31994
01/12/1986,Scotland,23132
01/12/1986,United Kingdom,32177
01/01/1987,Scotland,23571
01/01/1987,Wales,23376
01/01/1987,England,32908
01/01/1987,United Kingdom,33113
01/02/1987,Wales,23376
01/02/1987,England,32908
01/02/1987,Scotland,23571
01/02/1987,United Kingdom,33113
01/03/1987,England,32908
01/03/1987,Scotland,23571
01/03/1987,Wales,23376
01/03/1987,United Kingdom,33113
01/04/1987,England,34554
01/04/1987,Wales,23522
01/04/1987,Scotland,24303
01/04/1987,United Kingdom,34609
01/05/1987,Wales,23522
01/05/1987,England,34554
01/05/1987,Scotland,24303
01/05/1987,United Kingdom,34609
01/06/1987,Wales,23522
01/06/1987,England,34554
01/06/1987,Scotland,24303
01/06/1987,United Kingdom,34609
01/07/1987,Scotland,24010
01/07/1987,England,36199
01/07/1987,Wales,24545
01/07/1987,United Kingdom,36293
01/08/1987,Scotland,24010
01/08/1987,England,36199
01/08/1987,Wales,24545
01/08/1987,United Kingdom,36293
01/09/1987,Scotland,24010
01/09/1987,England,36199
01/09/1987,Wales,24545
01/09/1987,United Kingdom,36293
01/10/1987,Scotland,24964
01/10/1987,Wales,25545
01/10/1987,England,38489
01/10/1987,United Kingdom,38442
01/11/1987,Wales,25545
01/11/1987,England,38489
01/11/1987,Scotland,24964
01/11/1987,United Kingdom,38442
01/12/1987,England,38489
01/12/1987,Scotland,24964
01/12/1987,Wales,25545
01/12/1987,United Kingdom,38442
01/01/1988,Wales,25545
01/01/1988,Scotland,23888
01/01/1988,England,40335
01/01/1988,United Kingdom,40055
01/02/1988,Scotland,23888
01/02/1988,England,40335
01/02/1988,Wales,25545
01/02/1988,United Kingdom,40055
01/03/1988,England,40335
01/03/1988,Wales,25545
01/03/1988,Scotland,23888
01/03/1988,United Kingdom,40055
01/04/1988,England,42707
01/04/1988,Scotland,25609
01/04/1988,Wales,27193
01/04/1988,United Kingdom,42475
01/05/1988,England,42707
01/05/1988,Wales,27193
01/05/1988,Scotland,25609
01/05/1988,United Kingdom,42475
01/06/1988,Wales,27193
01/06/1988,England,42707
01/06/1988,Scotland,25609
01/06/1988,United Kingdom,42475
01/07/1988,Wales,31313
01/07/1988,England,48771
01/07/1988,Scotland,27116
01/07/1988,United Kingdom,48120
01/08/1988,Wales,31313
01/08/1988,England,48771
01/08/1988,Scotland,27116
01/08/1988,United Kingdom,48120
01/09/1988,Wales,31313
01/09/1988,England,48771
01/09/1988,Scotland,27116
01/09/1988,United Kingdom,48120
01/10/1988,Wales,32137
01/10/1988,Scotland,27977
01/10/1988,England,51671
01/10/1988,United Kingdom,51077
01/11/1988,Wales,32137
01/11/1988,Scotland,27977
01/11/1988,England,51671
01/11/1988,United Kingdom,51077
01/12/1988,England,51671
01/12/1988,Scotland,27977
01/12/1988,Wales,32137
01/12/1988,United Kingdom,51077
01/01/1989,Scotland,28407
01/01/1989,Wales,36463
01/01/1989,England,52725
01/01/1989,United Kingdom,52152
01/02/1989,Wales,36463
01/02/1989,Scotland,28407
01/02/1989,England,52725
01/02/1989,United Kingdom,52152
01/03/1989,England,52725
01/03/1989,Scotland,28407
01/03/1989,Wales,36463
01/03/1989,United Kingdom,52152
01/04/1989,England,54307
01/04/1989,Wales,40583
01/04/1989,Scotland,30129
01/04/1989,United Kingdom,54034
01/05/1989,Wales,40583
01/05/1989,England,54307
01/05/1989,Scotland,30129
01/05/1989,United Kingdom,54034
01/06/1989,Scotland,30129
01/06/1989,England,54307
01/06/1989,Wales,40583
01/06/1989,United Kingdom,54034
01/07/1989,Scotland,31205
01/07/1989,England,56416
01/07/1989,Wales,41613
01/07/1989,United Kingdom,55916
01/08/1989,Wales,41613
01/08/1989,Scotland,31205
01/08/1989,England,56416
01/08/1989,United Kingdom,55916
01/09/1989,Scotland,31205
01/09/1989,Wales,41613
01/09/1989,England,56416
01/09/1989,United Kingdom,55916
01/10/1989,Scotland,33357
01/10/1989,England,55098
01/10/1989,Wales,39965
01/10/1989,United Kingdom,54841
01/11/1989,England,55098
01/11/1989,Scotland,33357
01/11/1989,Wales,39965
01/11/1989,United Kingdom,54841
01/12/1989,Wales,39965
01/12/1989,Scotland,33357
01/12/1989,England,55098
01/12/1989,United Kingdom,54841
01/01/1990,Wales,40372
01/01/1990,Scotland,32588
01/01/1990,England,53894
01/01/1990,United Kingdom,53658
01/02/1990,Scotland,32588
01/02/1990,Wales,40372
01/02/1990,England,53894
01/02/1990,United Kingdom,53658
01/03/1990,Scotland,32588
01/03/1990,Wales,40372
01/03/1990,England,53894
01/03/1990,United Kingdom,53658
01/04/1990,Scotland,33624
01/04/1990,England,53358
01/04/1990,Wales,38963
01/04/1990,United Kingdom,53176
01/05/1990,England,53358
01/05/1990,Wales,38963
01/05/1990,Scotland,33624
01/05/1990,United Kingdom,53176
01/06/1990,Wales,38963
01/06/1990,Scotland,33624
01/06/1990,England,53358
01/06/1990,United Kingdom,53176
01/07/1990,Scotland,34797
01/07/1990,England,54109
01/07/1990,Wales,43813
01/07/1990,United Kingdom,54141
01/08/1990,Scotland,34797
01/08/1990,England,54109
01/08/1990,Wales,43813
01/08/1990,United Kingdom,54141
01/09/1990,Wales,43813
01/09/1990,Scotland,34797
01/09/1990,England,54109
01/09/1990,United Kingdom,54141
01/10/1990,Scotland,36351
01/10/1990,England,53090
01/10/1990,Wales,41864
01/10/1990,United Kingdom,53337
01/11/1990,Scotland,36351
01/11/1990,England,53090
01/11/1990,Wales,41864
01/11/1990,United Kingdom,53337
01/12/1990,Scotland,36351
01/12/1990,Wales,41864
01/12/1990,England,53090
01/12/1990,United Kingdom,53337
01/01/1991,Wales,39419
01/01/1991,Scotland,38491
01/01/1991,England,52125
01/01/1991,United Kingdom,52586
01/02/1991,England,52125
01/02/1991,Scotland,38491
01/02/1991,Wales,39419
01/02/1991,United Kingdom,52586
01/03/1991,England,52125
01/03/1991,Wales,39419
01/03/1991,Scotland,38491
01/03/1991,United Kingdom,52586
01/04/1991,Scotland,36558
01/04/1991,England,52178
01/04/1991,Wales,38880
01/04/1991,United Kingdom,52372
01/05/1991,Scotland,36558
01/05/1991,Wales,38880
01/05/1991,England,52178
01/05/1991,United Kingdom,52372
01/06/1991,England,52178
01/06/1991,Wales,38880
01/06/1991,Scotland,36558
01/06/1991,United Kingdom,52372
01/07/1991,Wales,41243
01/07/1991,Scotland,36316
01/07/1991,England,53197
01/07/1991,United Kingdom,53390
01/08/1991,Scotland,36316
01/08/1991,Wales,41243
01/08/1991,England,53197
01/08/1991,United Kingdom,53390
01/09/1991,Scotland,36316
01/09/1991,England,53197
01/09/1991,Wales,41243
01/09/1991,United Kingdom,53390
01/10/1991,Scotland,37973
01/10/1991,England,52339
01/10/1991,Wales,43357
01/10/1991,United Kingdom,52908
01/11/1991,Scotland,37973
01/11/1991,Wales,43357
01/11/1991,England,52339
01/11/1991,United Kingdom,52908
01/12/1991,England,52339
01/12/1991,Wales,43357
01/12/1991,Scotland,37973
01/12/1991,United Kingdom,52908
01/01/1992,Scotland,38733
01/01/1992,England,51374
01/01/1992,Wales,42693
01/01/1992,United Kingdom,52050
01/02/1992,Scotland,38733
01/02/1992,Wales,42693
01/02/1992,England,51374
01/02/1992,United Kingdom,52050
01/03/1992,Scotland,38733
01/03/1992,Wales,42693
01/03/1992,England,51374
01/03/1992,United Kingdom,52050
01/04/1992,Wales,40041
01/04/1992,England,50033
01/04/1992,Scotland,38802
01/04/1992,United Kingdom,50817
01/05/1992,England,50033
01/05/1992,Wales,40041
01/05/1992,Scotland,38802
01/05/1992,United Kingdom,50817
01/06/1992,Scotland,38802
01/06/1992,Wales,40041
01/06/1992,England,50033
01/06/1992,United Kingdom,50817
01/07/1992,Scotland,39522
01/07/1992,Wales,38998
01/07/1992,England,50180
01/07/1992,United Kingdom,50967
01/08/1992,Scotland,39522
01/08/1992,Wales,38998
01/08/1992,England,50180
01/08/1992,United Kingdom,50967
01/09/1992,Wales,38998
01/09/1992,England,50180
01/09/1992,Scotland,39522
01/09/1992,United Kingdom,50967
01/10/1992,Scotland,39962
01/10/1992,Wales,39318
01/10/1992,England,47975
01/10/1992,United Kingdom,49018
01/11/1992,England,47975
01/11/1992,Scotland,39962
01/11/1992,Wales,39318
01/11/1992,United Kingdom,49018
01/12/1992,Wales,39318
01/12/1992,England,47975
01/12/1992,Scotland,39962
01/12/1992,United Kingdom,49018
01/01/1993,Scotland,37882
01/01/1993,Wales,39800
01/01/1993,England,48465
01/01/1993,United Kingdom,49268
01/02/1993,Scotland,37882
01/02/1993,Wales,39800
01/02/1993,England,48465
01/02/1993,United Kingdom,49268
01/03/1993,Scotland,37882
01/03/1993,Wales,39800
01/03/1993,England,48465
01/03/1993,United Kingdom,49268
01/04/1993,Scotland,41002
01/04/1993,Wales,39880
01/04/1993,England,48612
01/04/1993,United Kingdom,49668
01/05/1993,Scotland,41002
01/05/1993,Wales,39880
01/05/1993,England,48612
01/05/1993,United Kingdom,49668
01/06/1993,Wales,39880
01/06/1993,England,48612
01/06/1993,Scotland,41002
01/06/1993,United Kingdom,49668
01/07/1993,Scotland,41082
01/07/1993,England,49641
01/07/1993,Wales,40281
01/07/1993,United Kingdom,50717
01/08/1993,Wales,40281
01/08/1993,Scotland,41082
01/08/1993,England,49641
01/08/1993,United Kingdom,50717
01/09/1993,England,49641
01/09/1993,Scotland,41082
01/09/1993,Wales,40281
01/09/1993,United Kingdom,50717
01/10/1993,Scotland,39162
01/10/1993,England,48906
01/10/1993,Wales,39960
01/10/1993,United Kingdom,49768
01/11/1993,Scotland,39162
01/11/1993,Wales,39960
01/11/1993,England,48906
01/11/1993,United Kingdom,49768
01/12/1993,Wales,39960
01/12/1993,Scotland,39162
01/12/1993,England,48906
01/12/1993,United Kingdom,49768
01/01/1994,Scotland,39042
01/01/1994,Wales,38476
01/01/1994,England,49543
01/01/1994,United Kingdom,50317
01/02/1994,Scotland,39042
01/02/1994,Wales,38476
01/02/1994,England,49543
01/02/1994,United Kingdom,50317
01/03/1994,Scotland,39042
01/03/1994,Wales,38476
01/03/1994,England,49543
01/03/1994,United Kingdom,50317
01/04/1994,Scotland,40602
01/04/1994,Wales,41605
01/04/1994,England,50082
01/04/1994,United Kingdom,51017
01/05/1994,Scotland,40602
01/05/1994,Wales,41605
01/05/1994,England,50082
01/05/1994,United Kingdom,51017
01/06/1994,Wales,41605
01/06/1994,Scotland,40602
01/06/1994,England,50082
01/06/1994,United Kingdom,51017
01/07/1994,Scotland,41522
01/07/1994,England,50719
01/07/1994,Wales,42969
01/07/1994,United Kingdom,51866
01/08/1994,Wales,42969
01/08/1994,England,50719
01/08/1994,Scotland,41522
01/08/1994,United Kingdom,51866
01/09/1994,Wales,42969
01/09/1994,Scotland,41522
01/09/1994,England,50719
01/09/1994,United Kingdom,51866
01/10/1994,Scotland,40482
01/10/1994,Wales,38396
01/10/1994,England,50670
01/10/1994,United Kingdom,51517
01/11/1994,Scotland,40482
01/11/1994,England,50670
01/11/1994,Wales,38396
01/11/1994,United Kingdom,51517
01/12/1994,England,50670
01/12/1994,Wales,38396
01/12/1994,Scotland,40482
01/12/1994,United Kingdom,51517
01/01/1995,England,50231
01/01/1995,Wales,40870
01/01/1995,Scotland,38802
01/01/1995,United Kingdom,51067
01/02/1995,England,50130
01/02/1995,Scotland,38802
01/02/1995,Wales,40168
01/02/1995,United Kingdom,51067
01/03/1995,Wales,39559
01/03/1995,Scotland,38802
01/03/1995,England,50229
01/03/1995,United Kingdom,51067
01/04/1995,England,50597
01/04/1995,Scotland,39442
01/04/1995,Wales,40199
01/04/1995,United Kingdom,51617
01/05/1995,England,50679
01/05/1995,Wales,40172
01/05/1995,Scotland,39442
01/05/1995,United Kingdom,51617
01/06/1995,England,50733
01/06/1995,Wales,41223
01/06/1995,Scotland,39442
01/06/1995,United Kingdom,51617
01/07/1995,Scotland,42242
01/07/1995,England,50889
01/07/1995,Wales,41271
01/07/1995,United Kingdom,52066
01/08/1995,Scotland,42242
01/08/1995,England,50606
01/08/1995,Wales,40870
01/08/1995,United Kingdom,52066
01/09/1995,England,50331
01/09/1995,Wales,40870
01/09/1995,Scotland,42242
01/09/1995,United Kingdom,52066
01/10/1995,Scotland,41442
01/10/1995,England,49892
01/10/1995,Wales,40193
01/10/1995,United Kingdom,51367
01/11/1995,Scotland,41442
01/11/1995,Wales,40346
01/11/1995,England,49839
01/11/1995,United Kingdom,51367
01/12/1995,Scotland,41442
01/12/1995,Wales,39715
01/12/1995,England,49965
01/12/1995,United Kingdom,51367
01/01/1996,England,49410
01/01/1996,Wales,40283
01/01/1996,Scotland,43242
01/01/1996,United Kingdom,52116
01/02/1996,England,49601
01/02/1996,Wales,39692
01/02/1996,Scotland,43242
01/02/1996,United Kingdom,52116
01/03/1996,Wales,39362
01/03/1996,England,49739
01/03/1996,Scotland,43242
01/03/1996,United Kingdom,52116
01/04/1996,Wales,41006
01/04/1996,Scotland,40642
01/04/1996,England,50352
01/04/1996,United Kingdom,52166
01/05/1996,England,50815
01/05/1996,Scotland,40642
01/05/1996,Wales,40703
01/05/1996,United Kingdom,52166
01/06/1996,England,51071
01/06/1996,Scotland,40642
01/06/1996,Wales,41003
01/06/1996,United Kingdom,52166
01/07/1996,Wales,41206
01/07/1996,England,51648
01/07/1996,Scotland,42322
01/07/1996,United Kingdom,54215
01/08/1996,England,52028
01/08/1996,Scotland,42322
01/08/1996,Wales,41283
01/08/1996,United Kingdom,54215
01/09/1996,Scotland,42322
01/09/1996,Wales,40852
01/09/1996,England,51952
01/09/1996,United Kingdom,54215
01/10/1996,Scotland,42602
01/10/1996,Wales,41454
01/10/1996,England,51862
01/10/1996,United Kingdom,55164
01/11/1996,Scotland,42602
01/11/1996,Wales,41029
01/11/1996,England,52396
01/11/1996,United Kingdom,55164
01/12/1996,Scotland,42602
01/12/1996,Wales,41550
01/12/1996,England,52640
01/12/1996,United Kingdom,55164
01/01/1997,England,52672
01/01/1997,Wales,41212
01/01/1997,Scotland,41802
01/01/1997,United Kingdom,55914
01/02/1997,England,53060
01/02/1997,Wales,42260
01/02/1997,Scotland,41802
01/02/1997,United Kingdom,55914
01/03/1997,England,53612
01/03/1997,Scotland,41802
01/03/1997,Wales,42183
01/03/1997,United Kingdom,55914
01/04/1997,Wales,41863
01/04/1997,Scotland,44242
01/04/1997,England,54361
01/04/1997,United Kingdom,57063
01/05/1997,Wales,43029
01/05/1997,England,55230
01/05/1997,Scotland,44242
01/05/1997,United Kingdom,57063
01/06/1997,Wales,43829
01/06/1997,England,55836
01/06/1997,Scotland,44242
01/06/1997,United Kingdom,57063
01/07/1997,Wales,43327
01/07/1997,England,56732
01/07/1997,Scotland,45442
01/07/1997,United Kingdom,59961
01/08/1997,England,57356
01/08/1997,Wales,44007
01/08/1997,Scotland,45442
01/08/1997,United Kingdom,59961
01/09/1997,England,57584
01/09/1997,Scotland,45442
01/09/1997,Wales,43819
01/09/1997,United Kingdom,59961
01/10/1997,Wales,43806
01/10/1997,England,57637
01/10/1997,Scotland,45522
01/10/1997,United Kingdom,59511
01/11/1997,England,58063
01/11/1997,Wales,43700
01/11/1997,Scotland,45522
01/11/1997,United Kingdom,59511
01/12/1997,Wales,43814
01/12/1997,England,58125
01/12/1997,Scotland,45522
01/12/1997,United Kingdom,59511
01/01/1998,England,58444
01/01/1998,Wales,44055
01/01/1998,Scotland,44642
01/01/1998,United Kingdom,61010
01/02/1998,Wales,43501
01/02/1998,England,58214
01/02/1998,Scotland,44642
01/02/1998,United Kingdom,61010
01/03/1998,Wales,44132
01/03/1998,England,58775
01/03/1998,Scotland,44642
01/03/1998,United Kingdom,61010
01/04/1998,Wales,45389
01/04/1998,England,60109
01/04/1998,Scotland,46282
01/04/1998,United Kingdom,64258
01/05/1998,Wales,45211
01/05/1998,England,60687
01/05/1998,Scotland,46282
01/05/1998,United Kingdom,64258
01/06/1998,England,61026
01/06/1998,Scotland,46282
01/06/1998,Wales,45333
01/06/1998,United Kingdom,64258
01/07/1998,England,61817
01/07/1998,Scotland,48562
01/07/1998,Wales,45705
01/07/1998,United Kingdom,67057
01/08/1998,Scotland,48562
01/08/1998,England,62071
01/08/1998,Wales,45727
01/08/1998,United Kingdom,67057
01/09/1998,Wales,45692
01/09/1998,Scotland,48562
01/09/1998,England,61941
01/09/1998,United Kingdom,67057
01/10/1998,Wales,45449
01/10/1998,Scotland,46682
01/10/1998,England,61805
01/10/1998,United Kingdom,66757
01/11/1998,Wales,44984
01/11/1998,Scotland,46682
01/11/1998,England,61713
01/11/1998,United Kingdom,66757
01/12/1998,Wales,45767
01/12/1998,Scotland,46682
01/12/1998,England,61912
01/12/1998,United Kingdom,66757
01/01/1999,England,62092
01/01/1999,Wales,46581
01/01/1999,Scotland,44962
01/01/1999,United Kingdom,67157
01/02/1999,Scotland,44962
01/02/1999,England,61861
01/02/1999,Wales,45880
01/02/1999,United Kingdom,67157
01/03/1999,Wales,45446
01/03/1999,England,62669
01/03/1999,Scotland,44962
01/03/1999,United Kingdom,67157
01/04/1999,Wales,46877
01/04/1999,England,63869
01/04/1999,Scotland,47362
01/04/1999,United Kingdom,70005
01/05/1999,England,64580
01/05/1999,Scotland,47362
01/05/1999,Wales,46484
01/05/1999,United Kingdom,70005
01/06/1999,Wales,46975
01/06/1999,Scotland,47362
01/06/1999,England,65550
01/06/1999,United Kingdom,70005
01/07/1999,England,66668
01/07/1999,Scotland,49922
01/07/1999,Wales,48092
01/07/1999,United Kingdom,74102
01/08/1999,Wales,47489
01/08/1999,England,67694
01/08/1999,Scotland,49922
01/08/1999,United Kingdom,74102
01/09/1999,England,68748
01/09/1999,Scotland,49922
01/09/1999,Wales,48716
01/09/1999,United Kingdom,74102
01/10/1999,Wales,48593
01/10/1999,Scotland,49922
01/10/1999,England,69179
01/10/1999,United Kingdom,76001
01/11/1999,Wales,49410
01/11/1999,England,70087
01/11/1999,Scotland,49922
01/11/1999,United Kingdom,76001
01/12/1999,England,70878
01/12/1999,Wales,48995
01/12/1999,Scotland,49922
01/12/1999,United Kingdom,76001
01/01/2000,Scotland,49682
01/01/2000,England,71017
01/01/2000,Wales,49286
01/01/2000,United Kingdom,77950
01/02/2000,Wales,49533
01/02/2000,England,71405
01/02/2000,Scotland,49682
01/02/2000,United Kingdom,77950
01/03/2000,Scotland,49682
01/03/2000,England,72713
01/03/2000,Wales,49570
01/03/2000,United Kingdom,77950
01/04/2000,Scotland,49442
01/04/2000,England,75186
01/04/2000,Wales,50618
01/04/2000,United Kingdom,82197
01/05/2000,Scotland,49442
01/05/2000,Wales,50753
01/05/2000,England,75859
01/05/2000,United Kingdom,82197
01/06/2000,Wales,50597
01/06/2000,England,76729
01/06/2000,Scotland,49442
01/06/2000,United Kingdom,82197
01/07/2000,England,77950
01/07/2000,Scotland,49762
01/07/2000,Wales,51806
01/07/2000,United Kingdom,83746
01/08/2000,Wales,51784
01/08/2000,England,78839
01/08/2000,Scotland,49762
01/08/2000,United Kingdom,83746
01/09/2000,England,78920
01/09/2000,Scotland,49762
01/09/2000,Wales,52500
01/09/2000,United Kingdom,83746
01/10/2000,England,78609
01/10/2000,Wales,51966
01/10/2000,Scotland,49682
01/10/2000,United Kingdom,86244
01/11/2000,Wales,52544
01/11/2000,England,78879
01/11/2000,Scotland,49682
01/11/2000,United Kingdom,86244
01/12/2000,England,79487
01/12/2000,Scotland,49682
01/12/2000,Wales,52479
01/12/2000,United Kingdom,86244
01/01/2001,Scotland,52082
01/01/2001,England,79663
01/01/2001,Wales,51586
01/01/2001,United Kingdom,85794
01/02/2001,Scotland,52082
01/02/2001,Wales,52492
01/02/2001,England,79539
01/02/2001,United Kingdom,85794
01/03/2001,Scotland,52082
01/03/2001,England,80480
01/03/2001,Wales,53099
01/03/2001,United Kingdom,85794
01/04/2001,Scotland,50762
01/04/2001,England,82554
01/04/2001,Wales,53840
01/04/2001,United Kingdom,88892
01/05/2001,Wales,55074
01/05/2001,England,83763
01/05/2001,Scotland,50762
01/05/2001,United Kingdom,88892
01/06/2001,England,84953
01/06/2001,Wales,55635
01/06/2001,Scotland,50762
01/06/2001,United Kingdom,88892
01/07/2001,Scotland,52202
01/07/2001,England,86323
01/07/2001,Wales,56822
01/07/2001,United Kingdom,92090
01/08/2001,England,88117
01/08/2001,Wales,57271
01/08/2001,Scotland,52202
01/08/2001,United Kingdom,92090
01/09/2001,Wales,57382
01/09/2001,Scotland,52202
01/09/2001,England,88448
01/09/2001,United Kingdom,92090
01/10/2001,Wales,56748
01/10/2001,England,88901
01/10/2001,Scotland,52602
01/10/2001,United Kingdom,90242
01/11/2001,Wales,58396
01/11/2001,England,89771
01/11/2001,Scotland,52602
01/11/2001,United Kingdom,90242
01/12/2001,Wales,58150
01/12/2001,Scotland,52602
01/12/2001,England,90629
01/12/2001,United Kingdom,90242
01/01/2002,Scotland,51627
01/01/2002,England,90840
01/01/2002,Wales,58447
01/01/2002,United Kingdom,89928
01/02/2002,Scotland,53722
01/02/2002,Wales,58515
01/02/2002,England,91276
01/02/2002,United Kingdom,93190
01/03/2002,Scotland,55818
01/03/2002,England,93433
01/03/2002,Wales,59032
01/03/2002,United Kingdom,96451
01/04/2002,Scotland,56623
01/04/2002,England,95692
01/04/2002,Wales,61316
01/04/2002,United Kingdom,97756
01/05/2002,Wales,62603
01/05/2002,Scotland,58181
01/05/2002,England,98623
01/05/2002,United Kingdom,100272
01/06/2002,England,100844
01/06/2002,Scotland,60491
01/06/2002,Wales,65727
01/06/2002,United Kingdom,104372
01/07/2002,Scotland,60653
01/07/2002,England,103856
01/07/2002,Wales,66158
01/07/2002,United Kingdom,105211
01/08/2002,Wales,68112
01/08/2002,England,106529
01/08/2002,Scotland,60814
01/08/2002,United Kingdom,107541
01/09/2002,Wales,68009
01/09/2002,Scotland,62103
01/09/2002,England,107551
01/09/2002,United Kingdom,110150
01/10/2002,Wales,69058
01/10/2002,England,109405
01/10/2002,Scotland,61512
01/10/2002,United Kingdom,110989
01/11/2002,England,112062
01/11/2002,Wales,71435
01/11/2002,Scotland,61996
01/11/2002,United Kingdom,112107
01/12/2002,Wales,71307
01/12/2002,Scotland,64252
01/12/2002,England,113279
01/12/2002,United Kingdom,115835
01/01/2003,Scotland,62210
01/01/2003,Wales,73663
01/01/2003,England,114816
01/01/2003,United Kingdom,114996
01/02/2003,Scotland,57913
01/02/2003,England,114952
01/02/2003,Wales,74376
01/02/2003,United Kingdom,113785
01/03/2003,Scotland,61297
01/03/2003,England,116372
01/03/2003,Wales,75059
01/03/2003,United Kingdom,116208
01/04/2003,Scotland,64950
01/04/2003,England,119186
01/04/2003,Wales,78253
01/04/2003,United Kingdom,119003
01/05/2003,Scotland,65004
01/05/2003,England,121131
01/05/2003,Wales,79452
01/05/2003,United Kingdom,118164
01/06/2003,Scotland,66025
01/06/2003,England,122126
01/06/2003,Wales,80978
01/06/2003,United Kingdom,118444
01/07/2003,Wales,83398
01/07/2003,Scotland,68389
01/07/2003,England,124926
01/07/2003,United Kingdom,120494
01/08/2003,Wales,86323
01/08/2003,England,126416
01/08/2003,Scotland,70323
01/08/2003,United Kingdom,122638
01/09/2003,Wales,87053
01/09/2003,Scotland,70108
01/09/2003,England,126371
01/09/2003,United Kingdom,122265
01/10/2003,Wales,87778
01/10/2003,Scotland,72955
01/10/2003,England,128294
01/10/2003,United Kingdom,124408
01/11/2003,England,129514
01/11/2003,Scotland,71988
01/11/2003,Wales,89440
01/11/2003,United Kingdom,123010
01/12/2003,Wales,92527
01/12/2003,England,131221
01/12/2003,Scotland,74191
01/12/2003,United Kingdom,125433
01/01/2004,Wales,93655
01/01/2004,Scotland,76662
01/01/2004,England,131914
01/01/2004,United Kingdom,126179
01/02/2004,Wales,94779
01/02/2004,England,132447
01/02/2004,Scotland,75645
01/02/2004,United Kingdom,124967
01/03/2004,England,134606
01/03/2004,Wales,95626
01/03/2004,Scotland,78418
01/03/2004,United Kingdom,125247
01/04/2004,England,139024
01/04/2004,Scotland,83623
01/04/2004,Wales,101714
01/04/2004,United Kingdom,130931
01/05/2004,Scotland,85015
01/05/2004,England,141728
01/05/2004,Wales,102295
01/05/2004,United Kingdom,132516
01/06/2004,England,144951
01/06/2004,Wales,107651
01/06/2004,Scotland,89148
01/06/2004,United Kingdom,134845
01/07/2004,Scotland,91287
01/07/2004,Wales,111212
01/07/2004,England,147974
01/07/2004,United Kingdom,137734
01/08/2004,England,149891
01/08/2004,Wales,114414
01/08/2004,Scotland,91270
01/08/2004,United Kingdom,139319
01/09/2004,Wales,113047
01/09/2004,Scotland,89835
01/09/2004,England,150347
01/09/2004,United Kingdom,139039
01/10/2004,Scotland,91511
01/10/2004,England,150455
01/10/2004,Wales,114182
01/10/2004,United Kingdom,140064
01/11/2004,Scotland,91130
01/11/2004,Wales,116354
01/11/2004,England,151373
01/11/2004,United Kingdom,139878
01/12/2004,Scotland,93321
01/12/2004,England,150954
01/12/2004,Wales,115521
01/12/2004,United Kingdom,138853
01/01/2005,Wales,117235
01/01/2005,England,149713
01/01/2005,Scotland,90440
01/01/2005,United Kingdom,138759
01/02/2005,Scotland,90028
01/02/2005,England,149748
01/02/2005,Wales,114635
01/02/2005,United Kingdom,138626
01/03/2005,England,150724
01/03/2005,Scotland,92995
01/03/2005,Wales,116512
01/03/2005,United Kingdom,139763
01/04/2005,Scotland,98866
01/04/2005,Wales,117494
01/04/2005,England,152323
01/04/2005,United Kingdom,141751
01/05/2005,Scotland,99902
01/05/2005,England,153954
01/05/2005,Wales,119816
01/05/2005,United Kingdom,143273
01/06/2005,England,154903
01/06/2005,Scotland,103919
01/06/2005,Wales,120702
01/06/2005,United Kingdom,144410
01/07/2005,Wales,123592
01/07/2005,Scotland,105856
01/07/2005,England,156496
01/07/2005,United Kingdom,146269
01/08/2005,England,157142
01/08/2005,Scotland,105951
01/08/2005,Wales,124865
01/08/2005,United Kingdom,146864
01/09/2005,England,156885
01/09/2005,Wales,124329
01/09/2005,Scotland,106034
01/09/2005,United Kingdom,146635
01/10/2005,Wales,124521
01/10/2005,England,156384
01/10/2005,Scotland,105467
01/10/2005,United Kingdom,146342
01/11/2005,England,157012
01/11/2005,Wales,123873
01/11/2005,Scotland,104885
01/11/2005,United Kingdom,146777
01/12/2005,Wales,122782
01/12/2005,Scotland,106541
01/12/2005,England,157901
01/12/2005,United Kingdom,147580
01/01/2006,Scotland,105257
01/01/2006,Wales,123010
01/01/2006,England,157240
01/01/2006,United Kingdom,147360
01/02/2006,Wales,125191
01/02/2006,England,157572
01/02/2006,Scotland,103309
01/02/2006,United Kingdom,147601
01/03/2006,England,158616
01/03/2006,Scotland,107282
01/03/2006,Wales,126482
01/03/2006,United Kingdom,148798
01/04/2006,Scotland,111829
01/04/2006,Wales,126895
01/04/2006,England,161569
01/04/2006,United Kingdom,152032
01/05/2006,England,163051
01/05/2006,Scotland,114395
01/05/2006,Wales,127866
01/05/2006,United Kingdom,153473
01/06/2006,England,164498
01/06/2006,Wales,131176
01/06/2006,Scotland,115914
01/06/2006,United Kingdom,154927
01/07/2006,Wales,131002
01/07/2006,Scotland,118077
01/07/2006,England,166323
01/07/2006,United Kingdom,157156
01/08/2006,Wales,132775
01/08/2006,Scotland,119737
01/08/2006,England,167681
01/08/2006,United Kingdom,158476
01/09/2006,England,168315
01/09/2006,Wales,132730
01/09/2006,Scotland,121628
01/09/2006,United Kingdom,159122
01/10/2006,Scotland,118828
01/10/2006,England,168931
01/10/2006,Wales,132371
01/10/2006,United Kingdom,160054
01/11/2006,Wales,134030
01/11/2006,England,169678
01/11/2006,Scotland,120670
01/11/2006,United Kingdom,160878
01/12/2006,England,171862
01/12/2006,Scotland,122894
01/12/2006,Wales,134947
01/12/2006,United Kingdom,162881
01/01/2007,England,171666
01/01/2007,Wales,132332
01/01/2007,Scotland,121923
01/01/2007,United Kingdom,162825
01/02/2007,Scotland,119596
01/02/2007,England,172207
01/02/2007,Wales,135831
01/02/2007,United Kingdom,163288
01/03/2007,England,173449
01/03/2007,Scotland,124226
01/03/2007,Wales,133935
01/03/2007,United Kingdom,164555
01/04/2007,England,176281
01/04/2007,Wales,137146
01/04/2007,Scotland,130471
01/04/2007,United Kingdom,167877
01/05/2007,Wales,138195
01/05/2007,England,178266
01/05/2007,Scotland,133535
01/05/2007,United Kingdom,169800
01/06/2007,Wales,139568
01/06/2007,England,180161
01/06/2007,Scotland,136549
01/06/2007,United Kingdom,171659
01/07/2007,England,182558
01/07/2007,Scotland,136470
01/07/2007,Wales,139419
01/07/2007,United Kingdom,173817
01/08/2007,England,183472
01/08/2007,Scotland,137886
01/08/2007,Wales,142328
01/08/2007,United Kingdom,174826
01/09/2007,England,183883
01/09/2007,Scotland,136930
01/09/2007,Wales,141237
01/09/2007,United Kingdom,175052
01/10/2007,England,183823
01/10/2007,Scotland,134287
01/10/2007,Wales,141862
01/10/2007,United Kingdom,174644
01/11/2007,Wales,140616
01/11/2007,England,183636
01/11/2007,Scotland,136189
01/11/2007,United Kingdom,174553
01/12/2007,Wales,139530
01/12/2007,Scotland,134469
01/12/2007,England,183515
01/12/2007,United Kingdom,174280
01/01/2008,Wales,138585
01/01/2008,England,181037
01/01/2008,Scotland,133172
01/01/2008,United Kingdom,171137
01/02/2008,Scotland,132325
01/02/2008,England,179448
01/02/2008,Wales,136949
01/02/2008,United Kingdom,169666
01/03/2008,England,178118
01/03/2008,Wales,133982
01/03/2008,Scotland,132653
01/03/2008,United Kingdom,168432
01/04/2008,Wales,134268
01/04/2008,Scotland,134077
01/04/2008,England,178550
01/04/2008,United Kingdom,168711
01/05/2008,England,179175
01/05/2008,Scotland,140152
01/05/2008,Wales,135162
01/05/2008,United Kingdom,169742
01/06/2008,England,176883
01/06/2008,Wales,134336
01/06/2008,Scotland,136219
01/06/2008,United Kingdom,167498
01/07/2008,Scotland,134444
01/07/2008,Wales,130572
01/07/2008,England,175462
01/07/2008,United Kingdom,165669
01/08/2008,England,171355
01/08/2008,Wales,132238
01/08/2008,Scotland,132590
01/08/2008,United Kingdom,162212
01/09/2008,Wales,125576
01/09/2008,England,167330
01/09/2008,Scotland,127429
01/09/2008,United Kingdom,158128
01/10/2008,Scotland,128794
01/10/2008,Wales,126870
01/10/2008,England,163571
01/10/2008,United Kingdom,154920
01/11/2008,Wales,124325
01/11/2008,England,158831
01/11/2008,Scotland,124927
01/11/2008,United Kingdom,150563
01/12/2008,Wales,122526
01/12/2008,England,156533
01/12/2008,Scotland,121026
01/12/2008,United Kingdom,148267
01/01/2009,Wales,118377
01/01/2009,Scotland,119792
01/01/2009,England,153585
01/01/2009,United Kingdom,144840
01/02/2009,England,151964
01/02/2009,Wales,117437
01/02/2009,Scotland,116433
01/02/2009,United Kingdom,143166
01/03/2009,Scotland,120988
01/03/2009,Wales,116562
01/03/2009,England,150438
01/03/2009,United Kingdom,142278
01/04/2009,Wales,118693
01/04/2009,England,151724
01/04/2009,Scotland,122189
01/04/2009,United Kingdom,143567
01/05/2009,Scotland,125773
01/05/2009,England,153648
01/05/2009,Wales,120582
01/05/2009,United Kingdom,145550
01/06/2009,England,155344
01/06/2009,Wales,119254
01/06/2009,Scotland,127072
01/06/2009,United Kingdom,146984
01/07/2009,Scotland,128109
01/07/2009,England,158306
01/07/2009,Wales,121462
01/07/2009,United Kingdom,149620
01/08/2009,England,160128
01/08/2009,Wales,121924
01/08/2009,Scotland,127658
01/08/2009,United Kingdom,151096
01/09/2009,Wales,122364
01/09/2009,Scotland,126761
01/09/2009,England,161649
01/09/2009,United Kingdom,152283
01/10/2009,England,162688
01/10/2009,Scotland,127904
01/10/2009,Wales,123750
01/10/2009,United Kingdom,153306
01/11/2009,Wales,124162
01/11/2009,England,163163
01/11/2009,Scotland,129125
01/11/2009,United Kingdom,153823
01/12/2009,Scotland,128022
01/12/2009,England,164408
01/12/2009,Wales,125911
01/12/2009,United Kingdom,154832
01/01/2010,England,164711
01/01/2010,Wales,120944
01/01/2010,Scotland,124112
01/01/2010,United Kingdom,154268
01/02/2010,England,165457
01/02/2010,Wales,121157
01/02/2010,Scotland,121755
01/02/2010,United Kingdom,154654
01/03/2010,Wales,123732
01/03/2010,England,165002
01/03/2010,Scotland,124038
01/03/2010,United Kingdom,154645
01/04/2010,Wales,124745
01/04/2010,England,166919
01/04/2010,Scotland,128143
01/04/2010,United Kingdom,156625
01/05/2010,England,167823
01/05/2010,Scotland,127965
01/05/2010,Wales,125442
01/05/2010,United Kingdom,157379
01/06/2010,Scotland,129189
01/06/2010,England,168675
01/06/2010,Wales,124868
01/06/2010,United Kingdom,158155
01/07/2010,England,170434
01/07/2010,Wales,126912
01/07/2010,Scotland,130339
01/07/2010,United Kingdom,159757
01/08/2010,Wales,125413
01/08/2010,England,170706
01/08/2010,Scotland,128781
01/08/2010,United Kingdom,159748
01/09/2010,Scotland,128715
01/09/2010,Wales,126090
01/09/2010,England,170162
01/09/2010,United Kingdom,159337
01/10/2010,Scotland,128708
01/10/2010,Wales,126064
01/10/2010,England,168152
01/10/2010,United Kingdom,157562
01/11/2010,England,166452
01/11/2010,Wales,120670
01/11/2010,Scotland,126552
01/11/2010,United Kingdom,155691
01/12/2010,Scotland,124867
01/12/2010,England,166202
01/12/2010,Wales,122109
01/12/2010,United Kingdom,155405
01/01/2011,Wales,120980
01/01/2011,Scotland,124856
01/01/2011,England,164697
01/01/2011,United Kingdom,154113
01/02/2011,England,164101
01/02/2011,Scotland,121170
01/02/2011,Wales,121161
01/02/2011,United Kingdom,153297
01/03/2011,England,163378
01/03/2011,Scotland,121416
01/03/2011,Wales,118483
01/03/2011,United Kingdom,152591
01/04/2011,Scotland,124954
01/04/2011,Wales,122354
01/04/2011,England,165687
01/04/2011,United Kingdom,154958
01/05/2011,Wales,121278
01/05/2011,England,164910
01/05/2011,Scotland,124938
01/05/2011,United Kingdom,154269
01/06/2011,Scotland,126264
01/06/2011,England,165071
01/06/2011,Wales,121453
01/06/2011,United Kingdom,154530
01/07/2011,England,167266
01/07/2011,Scotland,128400
01/07/2011,Wales,121731
01/07/2011,United Kingdom,156476
01/08/2011,Scotland,127523
01/08/2011,Wales,122518
01/08/2011,England,167428
01/08/2011,United Kingdom,156570
01/09/2011,Wales,124054
01/09/2011,Scotland,126976
01/09/2011,England,166907
01/09/2011,United Kingdom,156179
01/10/2011,Wales,120911
01/10/2011,England,165385
01/10/2011,Scotland,124255
01/10/2011,United Kingdom,154456
01/11/2011,England,165412
01/11/2011,Wales,123484
01/11/2011,Scotland,123373
01/11/2011,United Kingdom,154533
01/12/2011,Wales,120627
01/12/2011,Scotland,121178
01/12/2011,England,165046
01/12/2011,United Kingdom,153880
01/01/2012,Scotland,120989
01/01/2012,England,164449
01/01/2012,Wales,120342
01/01/2012,United Kingdom,152831
01/02/2012,Wales,119610
01/02/2012,England,164432
01/02/2012,Scotland,117292
01/02/2012,United Kingdom,152415
01/03/2012,England,164584
01/03/2012,Scotland,120685
01/03/2012,Wales,119522
01/03/2012,United Kingdom,152866
01/04/2012,England,166680
01/04/2012,Scotland,120417
01/04/2012,Wales,121352
01/04/2012,United Kingdom,154623
01/05/2012,England,167136
01/05/2012,Scotland,121688
01/05/2012,Wales,121528
01/05/2012,United Kingdom,155121
01/06/2012,Scotland,123523
01/06/2012,England,168713
01/06/2012,Wales,123077
01/06/2012,United Kingdom,156645
01/07/2012,England,169714
01/07/2012,Scotland,122685
01/07/2012,Wales,122468
01/07/2012,United Kingdom,157246
01/08/2012,England,170066
01/08/2012,Scotland,121958
01/08/2012,Wales,122012
01/08/2012,United Kingdom,157431
01/09/2012,England,169532
01/09/2012,Wales,121152
01/09/2012,Scotland,121080
01/09/2012,United Kingdom,156871
01/10/2012,Scotland,119920
01/10/2012,England,168445
01/10/2012,Wales,120138
01/10/2012,United Kingdom,155761
01/11/2012,Wales,121625
01/11/2012,England,168681
01/11/2012,Scotland,118524
01/11/2012,United Kingdom,155888
01/12/2012,Wales,120386
01/12/2012,England,168440
01/12/2012,Scotland,117574
01/12/2012,United Kingdom,155534
01/01/2013,Scotland,117973
01/01/2013,Wales,120804
01/01/2013,England,166938
01/01/2013,United Kingdom,154495
01/02/2013,Scotland,115650
01/02/2013,Wales,119021
01/02/2013,England,167304
01/02/2013,United Kingdom,154465
01/03/2013,England,168234
01/03/2013,Scotland,116783
01/03/2013,Wales,120226
01/03/2013,United Kingdom,155385
01/04/2013,Scotland,118758
01/04/2013,England,169850
01/04/2013,Wales,119939
01/04/2013,United Kingdom,156909
01/05/2013,Wales,121804
01/05/2013,England,170531
01/05/2013,Scotland,120633
01/05/2013,United Kingdom,157736
01/06/2013,England,171916
01/06/2013,Wales,122504
01/06/2013,Scotland,122327
01/06/2013,United Kingdom,159045
01/07/2013,Wales,121672
01/07/2013,England,173979
01/07/2013,Scotland,123580
01/07/2013,United Kingdom,160830
01/08/2013,England,175271
01/08/2013,Scotland,124889
01/08/2013,Wales,123888
01/08/2013,United Kingdom,162110
01/09/2013,England,175686
01/09/2013,Wales,123171
01/09/2013,Scotland,122961
01/09/2013,United Kingdom,162217
01/10/2013,Wales,121282
01/10/2013,Scotland,122611
01/10/2013,England,175003
01/10/2013,United Kingdom,161554
01/11/2013,Wales,123119
01/11/2013,England,175855
01/11/2013,Scotland,123781
01/11/2013,United Kingdom,162450
01/12/2013,England,178011
01/12/2013,Wales,121748
01/12/2013,Scotland,122231
01/12/2013,United Kingdom,163942
01/01/2014,Wales,124609
01/01/2014,Scotland,122220
01/01/2014,England,177748
01/01/2014,United Kingdom,164137
01/02/2014,Wales,125315
01/02/2014,England,178769
01/02/2014,Scotland,120322
01/02/2014,United Kingdom,164818
01/03/2014,Scotland,121877
01/03/2014,Wales,123531
01/03/2014,England,179421
01/03/2014,United Kingdom,165385
01/04/2014,England,183399
01/04/2014,Scotland,124711
01/04/2014,Wales,125605
01/04/2014,United Kingdom,169065
01/05/2014,Scotland,126714
01/05/2014,England,185212
01/05/2014,Wales,128324
01/05/2014,United Kingdom,170856
01/06/2014,England,186892
01/06/2014,Wales,127844
01/06/2014,Scotland,128414
01/06/2014,United Kingdom,172331
01/07/2014,Scotland,130067
01/07/2014,England,189606
01/07/2014,Wales,128366
01/07/2014,United Kingdom,174755
01/08/2014,Wales,129444
01/08/2014,Scotland,130465
01/08/2014,England,192042
01/08/2014,United Kingdom,176803
01/09/2014,England,192263
01/09/2014,Wales,130873
01/09/2014,Scotland,129726
01/09/2014,United Kingdom,176993
01/10/2014,England,191952
01/10/2014,Wales,129368
01/10/2014,Scotland,129927
01/10/2014,United Kingdom,176731
01/11/2014,Scotland,128308
01/11/2014,England,191380
01/11/2014,Wales,129622
01/11/2014,United Kingdom,176137
01/12/2014,England,191986
01/12/2014,Wales,129628
01/12/2014,Scotland,127668
01/12/2014,United Kingdom,176561
01/01/2015,Wales,128912
01/01/2015,England,191523
01/01/2015,Scotland,129869
01/01/2015,United Kingdom,175636
01/02/2015,Scotland,127575
01/02/2015,Wales,128403
01/02/2015,England,192060
01/02/2015,United Kingdom,175785
01/03/2015,England,191999
01/03/2015,Scotland,134523
01/03/2015,Wales,128044
01/03/2015,United Kingdom,176439
01/04/2015,Scotland,128978
01/04/2015,Wales,129756
01/04/2015,England,194432
01/04/2015,United Kingdom,177994
01/05/2015,England,196630
01/05/2015,Scotland,130564
01/05/2015,Wales,130243
01/05/2015,United Kingdom,179917
01/06/2015,England,198149
01/06/2015,Scotland,131762
01/06/2015,Wales,131119
01/06/2015,United Kingdom,181289
01/07/2015,England,201590
01/07/2015,Scotland,133810
01/07/2015,Wales,131815
01/07/2015,United Kingdom,184365
01/08/2015,England,203703
01/08/2015,Scotland,133341
01/08/2015,Wales,133176
01/08/2015,United Kingdom,186053
01/09/2015,Wales,132795
01/09/2015,Scotland,133035
01/09/2015,England,204263
01/09/2015,United Kingdom,186435
01/10/2015,Scotland,132471
01/10/2015,England,204572
01/10/2015,Wales,133423
01/10/2015,United Kingdom,186689
01/11/2015,Scotland,133255
01/11/2015,Wales,133482
01/11/2015,England,206293
01/11/2015,United Kingdom,188125
01/12/2015,Wales,133999
01/12/2015,Scotland,131549
01/12/2015,England,207315
01/12/2015,United Kingdom,188767
01/01/2016,Scotland,131634
01/01/2016,Wales,132574
01/01/2016,England,208050
01/01/2016,United Kingdom,189268
01/02/2016,Scotland,129551
01/02/2016,England,208301
01/02/2016,Wales,135127
01/02/2016,United Kingdom,189352
01/03/2016,England,210224
01/03/2016,Wales,134091
01/03/2016,Scotland,131107
01/03/2016,United Kingdom,191298
01/04/2016,Scotland,131303
01/04/2016,Wales,134382
01/04/2016,England,211282
01/04/2016,United Kingdom,192013
01/05/2016,Wales,136627
01/05/2016,England,213723
01/05/2016,Scotland,133044
01/05/2016,United Kingdom,194250
01/06/2016,Wales,138664
01/06/2016,England,215668
01/06/2016,Scotland,134949
01/06/2016,United Kingdom,196106
01/07/2016,England,217970
01/07/2016,Scotland,136931
01/07/2016,Wales,138575
01/07/2016,United Kingdom,198169
01/08/2016,Scotland,135571
01/08/2016,Wales,137657
01/08/2016,England,218261
01/08/2016,United Kingdom,198186
01/09/2016,England,217952
01/09/2016,Scotland,135236
01/09/2016,Wales,137271
01/09/2016,United Kingdom,197883
01/10/2016,England,217098
01/10/2016,Scotland,134368
01/10/2016,Wales,138864
01/10/2016,United Kingdom,197230
01/11/2016,England,218146
01/11/2016,Scotland,135543
01/11/2016,Wales,138504
01/11/2016,United Kingdom,198157
01/12/2016,England,218965
01/12/2016,Wales,138659
01/12/2016,Scotland,132996
01/12/2016,United Kingdom,198513
01/01/2017,England,218655
01/01/2017,Wales,138614
01/01/2017,Scotland,133141
01/01/2017,United Kingdom,198276
01/02/2017,Scotland,130885
01/02/2017,England,219696
01/02/2017,Wales,138086
01/02/2017,United Kingdom,198695
01/03/2017,Scotland,131731
01/03/2017,Wales,139940
01/03/2017,England,218812
01/03/2017,United Kingdom,198270
01/04/2017,England,221891
01/04/2017,Scotland,135773
01/04/2017,Wales,141933
01/04/2017,United Kingdom,201407
01/05/2017,Wales,139592
01/05/2017,England,223502
01/05/2017,Scotland,136715
01/05/2017,United Kingdom,202616
01/06/2017,Wales,142401
01/06/2017,England,225265
01/06/2017,Scotland,138220
01/06/2017,United Kingdom,204347
01/07/2017,England,227919
01/07/2017,Wales,143002
01/07/2017,Scotland,142004
01/07/2017,United Kingdom,207005
01/08/2017,England,229074
01/08/2017,Wales,144735
01/08/2017,Scotland,141685
01/08/2017,United Kingdom,207944
01/09/2017,England,228519
01/09/2017,Scotland,139082
01/09/2017,Wales,145083
01/09/2017,United Kingdom,207167
01/10/2017,England,228484
01/10/2017,Scotland,139591
01/10/2017,Wales,146794
01/10/2017,United Kingdom,207349
01/11/2017,England,227618
01/11/2017,Scotland,140834
01/11/2017,Wales,144972
01/11/2017,United Kingdom,206760
01/12/2017,England,228837
01/12/2017,Wales,145617
01/12/2017,Scotland,139761
01/12/2017,United Kingdom,207568
01/01/2018,Wales,144990
01/01/2018,Scotland,141353
01/01/2018,England,227594
01/01/2018,United Kingdom,206844
01/02/2018,England,228471
01/02/2018,Scotland,140480
01/02/2018,Wales,145068
01/02/2018,United Kingdom,207385
01/03/2018,England,226996
01/03/2018,Wales,145837
01/03/2018,Scotland,139202
01/03/2018,United Kingdom,206133
01/04/2018,Wales,145412
01/04/2018,England,228855
01/04/2018,Scotland,142832
01/04/2018,United Kingdom,208103
01/05/2018,England,229845
01/05/2018,Wales,146531
01/05/2018,Scotland,143019
01/05/2018,United Kingdom,208953
01/06/2018,England,231277
01/06/2018,Wales,148527
01/06/2018,Scotland,144308
01/06/2018,United Kingdom,210355
01/07/2018,Scotland,146056
01/07/2018,Wales,150195
01/07/2018,England,234127
01/07/2018,United Kingdom,212963
01/08/2018,Scotland,146404
01/08/2018,Wales,152466
01/08/2018,England,234731
01/08/2018,United Kingdom,213618
01/09/2018,Wales,151747
01/09/2018,England,234380
01/09/2018,Scotland,145738
01/09/2018,United Kingdom,213210
01/10/2018,England,233916
01/10/2018,Wales,152401
01/10/2018,Scotland,145816
01/10/2018,United Kingdom,212986
01/11/2018,England,233144
01/11/2018,Scotland,143919
01/11/2018,Wales,151646
01/11/2018,United Kingdom,212077
01/12/2018,Scotland,142681
01/12/2018,England,232616
01/12/2018,Wales,153612
01/12/2018,United Kingdom,211621
01/01/2019,Wales,150122
01/01/2019,England,230974
01/01/2019,Scotland,144124
01/01/2019,United Kingdom,210317
01/02/2019,Scotland,141355
01/02/2019,Wales,150566
01/02/2019,England,230772
01/02/2019,United Kingdom,209787
01/03/2019,Wales,151406
01/03/2019,Scotland,143985
01/03/2019,England,229408
01/03/2019,United Kingdom,209202
01/04/2019,England,230994
01/04/2019,Scotland,145110
01/04/2019,Wales,152875
01/04/2019,United Kingdom,210718
01/05/2019,Wales,153038
01/05/2019,England,231245
01/05/2019,Scotland,145709
01/05/2019,United Kingdom,211005
01/06/2019,Wales,154250
01/06/2019,England,232112
01/06/2019,Scotland,146925
01/06/2019,United Kingdom,211915
01/07/2019,Wales,155700
01/07/2019,England,234587
01/07/2019,Scotland,148942
01/07/2019,United Kingdom,214282
01/08/2019,England,235298
01/08/2019,Scotland,148383
01/08/2019,Wales,159275
01/08/2019,United Kingdom,214971
01/09/2019,England,235691
01/09/2019,Scotland,149037
01/09/2019,Wales,155676
01/09/2019,United Kingdom,215127
01/10/2019,England,234940
01/10/2019,Wales,157444
01/10/2019,Scotland,148150
01/10/2019,United Kingdom,214559
01/11/2019,Scotland,146779
01/11/2019,England,234020
01/11/2019,Wales,159560
01/11/2019,United Kingdom,213801
01/12/2019,England,234237
01/12/2019,Wales,157588
01/12/2019,Scotland,144623
01/12/2019,United Kingdom,213521
01/01/2020,England,234049
01/01/2020,Scotland,147731
01/01/2020,Wales,154532
01/01/2020,United Kingdom,213657
01/02/2020,England,232955
01/02/2020,Scotland,143944
01/02/2020,Wales,157134
01/02/2020,United Kingdom,212429
01/03/2020,Scotland,144948
01/03/2020,England,235204
01/03/2020,Wales,158163
01/03/2020,United Kingdom,214344
01/04/2020,England,232657
01/04/2020,Scotland,146059
01/04/2020,Wales,151534
01/04/2020,United Kingdom,212160
01/05/2020,Wales,154054
01/05/2020,England,233673
01/05/2020,Scotland,147150
01/05/2020,United Kingdom,213258
01/06/2020,England,236731
01/06/2020,Scotland,149474
01/06/2020,Wales,158488
01/06/2020,United Kingdom,216208
01/07/2020,England,239080
01/07/2020,Wales,159465
01/07/2020,Scotland,148755
01/07/2020,United Kingdom,218030
01/08/2020,Wales,163805
01/08/2020,Scotland,148875
01/08/2020,England,241511
01/08/2020,United Kingdom,220163
01/09/2020,Wales,160994
01/09/2020,Scotland,154532
01/09/2020,England,243733
01/09/2020,United Kingdom,222511
01/10/2020,Scotland,156874
01/10/2020,England,245090
01/10/2020,Wales,166597
01/10/2020,United Kingdom,224377
01/11/2020,Scotland,157849
01/11/2020,England,247749
01/11/2020,Wales,168781
01/11/2020,United Kingdom,226675
01/12/2020,Scotland,156254
01/12/2020,Wales,171640
01/12/2020,England,250168
01/12/2020,United Kingdom,228446
01/01/2021,Wales,169842
01/01/2021,England,249890
01/01/2021,Scotland,157866
01/01/2021,United Kingdom,228417
01/02/2021,Wales,168438
01/02/2021,England,251309
01/02/2021,Scotland,155612
01/02/2021,United Kingdom,229067
01/03/2021,Scotland,160963
01/03/2021,England,254407
01/03/2021,Wales,173661
01/03/2021,United Kingdom,232463
01/04/2021,Wales,171658
01/04/2021,England,250703
01/04/2021,Scotland,154719
01/04/2021,United Kingdom,228979
01/05/2021,Wales,174016
01/05/2021,England,251203
01/05/2021,Scotland,161935
01/05/2021,United Kingdom,230532
01/06/2021,Scotland,165261
01/06/2021,England,266129
01/06/2021,Wales,184345
01/06/2021,United Kingdom,242777
01/07/2021,Scotland,168799
01/07/2021,Wales,176129
01/07/2021,England,250545
01/07/2021,United Kingdom,231386
01/08/2021,Wales,180281
01/08/2021,Scotland,170669
01/08/2021,England,259193
01/08/2021,United Kingdom,238403
01/09/2021,Scotland,170829
01/09/2021,England,268041
01/09/2021,Wales,185561
01/09/2021,United Kingdom,245371
01/10/2021,England,259748
01/10/2021,Wales,186951
01/10/2021,Scotland,170955
01/10/2021,United Kingdom,239236
01/11/2021,England,265662
01/11/2021,Scotland,172873
01/11/2021,Wales,186520
01/11/2021,United Kingdom,243930
01/12/2021,Scotland,169213
01/12/2021,Wales,189741
01/12/2021,England,267793
01/12/2021,United Kingdom,245189
01/01/2022,England,270231
01/01/2022,Wales,191552
01/01/2022,Scotland,173589
01/01/2022,United Kingdom,248031
01/02/2022,England,271265
01/02/2022,Scotland,170905
01/02/2022,Wales,189656
01/02/2022,United Kingdom,248309
01/03/2022,England,272225
01/03/2022,Scotland,171510
01/03/2022,Wales,191471
01/03/2022,United Kingdom,249232
01/04/2022,Wales,195875
01/04/2022,England,274812
01/04/2022,Scotland,175109
01/04/2022,United Kingdom,252167
01/05/2022,Wales,196682
01/05/2022,Scotland,177326
01/05/2022,England,278084
01/05/2022,United Kingdom,255040
01/06/2022,England,281116
01/06/2022,Wales,200277
01/06/2022,Scotland,181120
01/06/2022,United Kingdom,258118
01/07/2022,Scotland,182979
01/07/2022,Wales,203313
01/07/2022,England,286526
01/07/2022,United Kingdom,262904
01/08/2022,England,289294
01/08/2022,Wales,204218
01/08/2022,Scotland,183378
01/08/2022,United Kingdom,265124
01/09/2022,Scotland,181639
01/09/2022,Wales,207696
01/09/2022,England,290185
01/09/2022,United Kingdom,265727
01/10/2022,Scotland,182341
01/10/2022,England,289993
01/10/2022,Wales,208209
01/10/2022,United Kingdom,265693
01/11/2022,England,290003
01/11/2022,Scotland,180523
01/11/2022,Wales,205941
01/11/2022,United Kingdom,265299
01/12/2022,Scotland,175560
01/12/2022,Wales,206563
01/12/2022,England,288198
01/12/2022,United Kingdom,263190
01/01/2023,Wales,201853
01/01/2023,England,285817
01/01/2023,Scotland,175092
01/01/2023,United Kingdom,260941
01/02/2023,Wales,200870
01/02/2023,Scotland,171282
01/02/2023,England,283907
01/02/2023,United Kingdom,258788
01/03/2023,England,279592
01/03/2023,Scotland,173352
01/03/2023,Wales,199167
01/03/2023,United Kingdom,255885
01/04/2023,England,280054
01/04/2023,Scotland,175512
01/04/2023,Wales,195717
01/04/2023,United Kingdom,256479
01/05/2023,Scotland,179854
01/05/2023,Wales,199616
01/05/2023,England,279846
01/05/2023,United Kingdom,257330
01/06/2023,Wales,200183
01/06/2023,Scotland,177705
01/06/2023,England,281585
01/06/2023,United Kingdom,258275
01/07/2023,Wales,202620
01/07/2023,Scotland,181013
01/07/2023,England,284246
01/07/2023,United Kingdom,261182
01/08/2023,Wales,203852
01/08/2023,England,285690
01/08/2023,Scotland,182593
01/08/2023,United Kingdom,262602
01/09/2023,Scotland,180364
01/09/2023,England,284428
01/09/2023,Wales,204460
01/09/2023,United Kingdom,261318
01/10/2023,England,283147
01/10/2023,Scotland,180051
01/10/2023,Wales,202477
01/10/2023,United Kingdom,260129
01/11/2023,Scotland,179184
01/11/2023,England,281026
01/11/2023,Wales,201778
01/11/2023,United Kingdom,258368
01/12/2023,England,278664
01/12/2023,Scotland,176538
01/12/2023,Wales,202077
01/12/2023,United Kingdom,256177
01/01/2024,England,278060
01/01/2024,Scotland,179248
01/01/2024,Wales,197808
01/01/2024,United Kingdom,255972
01/02/2024,Scotland,175883
01/02/2024,Wales,199272
01/02/2024,England,276935
01/02/2024,United Kingdom,254633
01/03/2024,Wales,200795
01/03/2024,Scotland,177778
01/03/2024,England,276971
01/03/2024,United Kingdom,255082
01/04/2024,Scotland,180647
01/04/2024,England,277945
01/04/2024,Wales,199545
01/04/2024,United Kingdom,256478
01/05/2024,England,280824
01/05/2024,Wales,199330
01/05/2024,Scotland,180418
01/05/2024,United Kingdom,258565
01/06/2024,England,281611
01/06/2024,Scotland,181219
01/06/2024,Wales,204368
01/06/2024,United Kingdom,259585
01/07/2024,Scotland,185882
01/07/2024,England,284105
01/07/2024,Wales,204982
01/07/2024,United Kingdom,262479
01/08/2024,Wales,207156
01/08/2024,Scotland,186285
01/08/2024,England,287343
01/08/2024,United Kingdom,265085
01/09/2024,England,287576
01/09/2024,Wales,203822
01/09/2024,Scotland,184496
01/09/2024,United Kingdom,264750
01/10/2024,Scotland,185664
01/10/2024,England,287595
01/10/2024,Wales,207454
01/10/2024,United Kingdom,265252
01/11/2024,Scotland,184775
01/11/2024,Wales,207435
01/11/2024,England,286814
01/11/2024,United Kingdom,264515
01/12/2024,England,287035
01/12/2024,Wales,204641
01/12/2024,Scotland,181800
01/12/2024,United Kingdom,263991
01/01/2025,England,287264
01/01/2025,Scotland,185315
01/01/2025,Wales,206010
01/01/2025,United Kingdom,264936
01/02/2025,Wales,205394
01/02/2025,England,287869
01/02/2025,Scotland,182843
01/02/2025,United Kingdom,264909
01/03/2025,Wales,206651
01/03/2025,England,292333
01/03/2025,Scotland,184120
01/03/2025,United Kingdom,268508
01/04/2025,Scotland,187324
01/04/2025,England,281781
01/04/2025,Wales,206000
01/04/2025,United Kingdom,261258
01/05/2025,England,286456
01/05/2025,Scotland,187196
01/05/2025,Wales,207226
01/05/2025,United Kingdom,264782
01/06/2025,Scotland,190639
01/06/2025,England,289768
01/06/2025,Wales,209762
01/06/2025,United Kingdom,267985
01/07/2025,England,292285
01/07/2025,Wales,210636
01/07/2025,Scotland,191838
01/07/2025,United Kingdom,270432
01/08/2025,Scotland,192196
01/08/2025,Wales,211259
01/08/2025,England,294006
01/08/2025,United Kingdom,271808
01/09/2025,England,292557
01/09/2025,Scotland,193036
01/09/2025,Wales,210373
01/09/2025,United Kingdom,270827
01/10/2025,Wales,210324
01/10/2025,England,292086
01/10/2025,Scotland,192825
01/10/2025,United Kingdom,270548
01/11/2025,Scotland,193909
01/11/2025,Wales,209388
01/11/2025,England,293913
01/11/2025,United Kingdom,272043
01/12/2025,England,291865
01/12/2025,Wales,214883
01/12/2025,Scotland,190649
01/12/2025,United Kingdom,270259
