Date,Region_Name,Average_Price
1968-04-01,England,3218
1968-04-01,Wales,2732
1968-04-01,Scotland,2738
1968-04-01,United Kingdom,3311
1968-05-01,England,3218
1968-05-01,Wales,2732
1968-05-01,Scotland,2738
1968-05-01,United Kingdom,3311
1968-06-01,Scotland,2738
1968-06-01,Wales,2732
1968-06-01,England,3218
1968-06-01,United Kingdom,3311
1968-07-01,England,3327
1968-07-01,Wales,2864
1968-07-01,Scotland,3001
1968-07-01,United Kingdom,3424
1968-08-01,Scotland,3001
1968-08-01,Wales,2864
1968-08-01,England,3327
1968-08-01,United Kingdom,3424
1968-09-01,Scotland,3001
1968-09-01,Wales,2864
1968-09-01,England,3327
1968-09-01,United Kingdom,3424
1968-10-01,Wales,2878
1968-10-01,England,3309
1968-10-01,Scotland,2811
1968-10-01,United Kingdom,3405
1968-11-01,England,3309
1968-11-01,Wales,2878
1968-11-01,Scotland,2811
1968-11-01,United Kingdom,3405
1968-12-01,Scotland,2811
1968-12-01,Wales,2878
1968-12-01,England,3309
1968-12-01,United Kingdom,3405
1969-01-01,Scotland,3031
1969-01-01,Wales,2878
1969-01-01,England,3364
1969-01-01,United Kingdom,3461
1969-02-01,England,3364
1969-02-01,Scotland,3031
1969-02-01,Wales,2878
1969-02-01,United Kingdom,3461
1969-03-01,Scotland,3031
1969-03-01,England,3364
1969-03-01,Wales,2878
1969-03-01,United Kingdom,3461
1969-04-01,Wales,2805
1969-04-01,Scotland,3060
1969-04-01,England,3419
1969-04-01,United Kingdom,3517
1969-05-01,England,3419
1969-05-01,Scotland,3060
1969-05-01,Wales,2805
1969-05-01,United Kingdom,3517
1969-06-01,Wales,2805
1969-06-01,England,3419
1969-06-01,Scotland,3060
1969-06-01,United Kingdom,3517
1969-07-01,Wales,2893
1969-07-01,Scotland,3031
1969-07-01,England,3474
1969-07-01,United Kingdom,3554
1969-08-01,England,3474
1969-08-01,Wales,2893
1969-08-01,Scotland,3031
1969-08-01,United Kingdom,3554
1969-09-01,Wales,2893
1969-09-01,England,3474
1969-09-01,Scotland,3031
1969-09-01,United Kingdom,3554
1969-10-01,Wales,3127
1969-10-01,England,3492
1969-10-01,Scotland,3001
1969-10-01,United Kingdom,3592
1969-11-01,Scotland,3001
1969-11-01,England,3492
1969-11-01,Wales,3127
1969-11-01,United Kingdom,3592
1969-12-01,England,3492
1969-12-01,Scotland,3001
1969-12-01,Wales,3127
1969-12-01,United Kingdom,3592
1970-01-01,Scotland,3104
1970-01-01,Wales,3010
1970-01-01,England,3510
1970-01-01,United Kingdom,3611
1970-02-01,Wales,3010
1970-02-01,Scotland,3104
1970-02-01,England,3510
1970-02-01,United Kingdom,3611
1970-03-01,England,3510
1970-03-01,Scotland,3104
1970-03-01,Wales,3010
1970-03-01,United Kingdom,3611
1970-04-01,Scotland,3294
1970-04-01,Wales,3127
1970-04-01,England,3565
1970-04-01,United Kingdom,3667
1970-05-01,Scotland,3294
1970-05-01,England,3565
1970-05-01,Wales,3127
1970-05-01,United Kingdom,3667
1970-06-01,England,3565
1970-06-01,Wales,3127
1970-06-01,Scotland,3294
1970-06-01,United Kingdom,3667
1970-07-01,Scotland,3236
1970-07-01,Wales,3273
1970-07-01,England,3730
1970-07-01,United Kingdom,3835
1970-08-01,England,3730
1970-08-01,Scotland,3236
1970-08-01,Wales,3273
1970-08-01,United Kingdom,3835
1970-09-01,Scotland,3236
1970-09-01,England,3730
1970-09-01,Wales,3273
1970-09-01,United Kingdom,3835
1970-10-01,Scotland,3353
1970-10-01,Wales,3214
1970-10-01,England,3730
1970-10-01,United Kingdom,3835
1970-11-01,Wales,3214
1970-11-01,Scotland,3353
1970-11-01,England,3730
1970-11-01,United Kingdom,3835
1970-12-01,England,3730
1970-12-01,Scotland,3353
1970-12-01,Wales,3214
1970-12-01,United Kingdom,3835
1971-01-01,Wales,3156
1971-01-01,Scotland,3294
1971-01-01,England,3839
1971-01-01,United Kingdom,3929
1971-02-01,England,3839
1971-02-01,Wales,3156
1971-02-01,Scotland,3294
1971-02-01,United Kingdom,3929
1971-03-01,England,3839
1971-03-01,Wales,3156
1971-03-01,Scotland,3294
1971-03-01,United Kingdom,3929
1971-04-01,Scotland,3353
1971-04-01,Wales,3360
1971-04-01,England,3949
1971-04-01,United Kingdom,4041
1971-05-01,Scotland,3353
1971-05-01,England,3949
1971-05-01,Wales,3360
1971-05-01,United Kingdom,4041
1971-06-01,Scotland,3353
1971-06-01,England,3949
1971-06-01,Wales,3360
1971-06-01,United Kingdom,4041
1971-07-01,Wales,3521
1971-07-01,Scotland,3719
1971-07-01,England,4168
1971-07-01,United Kingdom,4284
1971-08-01,England,4168
1971-08-01,Wales,3521
1971-08-01,Scotland,3719
1971-08-01,United Kingdom,4284
1971-09-01,Wales,3521
1971-09-01,England,4168
1971-09-01,Scotland,3719
1971-09-01,United Kingdom,4284
1971-10-01,England,4388
1971-10-01,Wales,3506
1971-10-01,Scotland,3558
1971-10-01,United Kingdom,4471
1971-11-01,Scotland,3558
1971-11-01,England,4388
1971-11-01,Wales,3506
1971-11-01,United Kingdom,4471
1971-12-01,Scotland,3558
1971-12-01,Wales,3506
1971-12-01,England,4388
1971-12-01,United Kingdom,4471
1972-01-01,Wales,3813
1972-01-01,Scotland,3733
1972-01-01,England,4644
1972-01-01,United Kingdom,4752
1972-02-01,Scotland,3733
1972-02-01,England,4644
1972-02-01,Wales,3813
1972-02-01,United Kingdom,4752
1972-03-01,Wales,3813
1972-03-01,England,4644
1972-03-01,Scotland,3733
1972-03-01,United Kingdom,4752
1972-04-01,Scotland,4114
1972-04-01,England,5119
1972-04-01,Wales,3959
1972-04-01,United Kingdom,5201
1972-05-01,England,5119
1972-05-01,Wales,3959
1972-05-01,Scotland,4114
1972-05-01,United Kingdom,5201
1972-06-01,Wales,3959
1972-06-01,Scotland,4114
1972-06-01,England,5119
1972-06-01,United Kingdom,5201
1972-07-01,Scotland,4363
1972-07-01,Wales,4412
1972-07-01,England,5905
1972-07-01,United Kingdom,5986
1972-08-01,Wales,4412
1972-08-01,England,5905
1972-08-01,Scotland,4363
1972-08-01,United Kingdom,5986
1972-09-01,Scotland,4363
1972-09-01,England,5905
1972-09-01,Wales,4412
1972-09-01,United Kingdom,5986
1972-10-01,Scotland,4392
1972-10-01,Wales,4953
1972-10-01,England,6563
1972-10-01,United Kingdom,6417
1972-11-01,England,6563
1972-11-01,Scotland,4392
1972-11-01,Wales,4953
1972-11-01,United Kingdom,6417
1972-12-01,England,6563
1972-12-01,Scotland,4392
1972-12-01,Wales,4953
1972-12-01,United Kingdom,6417
1973-01-01,England,7075
1973-01-01,Scotland,5066
1973-01-01,Wales,5347
1973-01-01,United Kingdom,7146
1973-02-01,Scotland,5066
1973-02-01,Wales,5347
1973-02-01,England,7075
1973-02-01,United Kingdom,7146
1973-03-01,Wales,5347
1973-03-01,England,7075
1973-03-01,Scotland,5066
1973-03-01,United Kingdom,7146
1973-04-01,Wales,5625
1973-04-01,Scotland,5256
1973-04-01,England,7423
1973-04-01,United Kingdom,7502
1973-05-01,Scotland,5256
1973-05-01,England,7423
1973-05-01,Wales,5625
1973-05-01,United Kingdom,7502
1973-06-01,Wales,5625
1973-06-01,England,7423
1973-06-01,Scotland,5256
1973-06-01,United Kingdom,7502
1973-07-01,Scotland,6120
1973-07-01,England,7898
1973-07-01,Wales,6268
1973-07-01,United Kingdom,8007
1973-08-01,England,7898
1973-08-01,Wales,6268
1973-08-01,Scotland,6120
1973-08-01,United Kingdom,8007
1973-09-01,Scotland,6120
1973-09-01,England,7898
1973-09-01,Wales,6268
1973-09-01,United Kingdom,8007
1973-10-01,Scotland,6046
1973-10-01,England,7971
1973-10-01,Wales,6560
1973-10-01,United Kingdom,8100
1973-11-01,England,7971
1973-11-01,Wales,6560
1973-11-01,Scotland,6046
1973-11-01,United Kingdom,8100
1973-12-01,Wales,6560
1973-12-01,Scotland,6046
1973-12-01,England,7971
1973-12-01,United Kingdom,8100
1974-01-01,England,8081
1974-01-01,Scotland,6237
1974-01-01,Wales,6297
1974-01-01,United Kingdom,8213
1974-02-01,England,8081
1974-02-01,Scotland,6237
1974-02-01,Wales,6297
1974-02-01,United Kingdom,8213
1974-03-01,England,8081
1974-03-01,Wales,6297
1974-03-01,Scotland,6237
1974-03-01,United Kingdom,8213
1974-04-01,England,8081
1974-04-01,Scotland,6398
1974-04-01,Wales,6385
1974-04-01,United Kingdom,8231
1974-05-01,England,8081
1974-05-01,Scotland,6398
1974-05-01,Wales,6385
1974-05-01,United Kingdom,8231
1974-06-01,Scotland,6398
1974-06-01,Wales,6385
1974-06-01,England,8081
1974-06-01,United Kingdom,8231
1974-07-01,England,8136
1974-07-01,Scotland,6456
1974-07-01,Wales,6618
1974-07-01,United Kingdom,8306
1974-08-01,Wales,6618
1974-08-01,Scotland,6456
1974-08-01,England,8136
1974-08-01,United Kingdom,8306
1974-09-01,Wales,6618
1974-09-01,England,8136
1974-09-01,Scotland,6456
1974-09-01,United Kingdom,8306
1974-10-01,England,8245
1974-10-01,Wales,6984
1974-10-01,Scotland,6442
1974-10-01,United Kingdom,8418
1974-11-01,Scotland,6442
1974-11-01,Wales,6984
1974-11-01,England,8245
1974-11-01,United Kingdom,8418
1974-12-01,England,8245
1974-12-01,Scotland,6442
1974-12-01,Wales,6984
1974-12-01,United Kingdom,8418
1975-01-01,England,8264
1975-01-01,Scotland,6691
1975-01-01,Wales,6823
1975-01-01,United Kingdom,8456
1975-02-01,Scotland,6691
1975-02-01,Wales,6823
1975-02-01,England,8264
1975-02-01,United Kingdom,8456
1975-03-01,Wales,6823
1975-03-01,England,8264
1975-03-01,Scotland,6691
1975-03-01,United Kingdom,8456
1975-04-01,Wales,6984
1975-04-01,Scotland,6983
1975-04-01,England,8501
1975-04-01,United Kingdom,8680
1975-05-01,England,8501
1975-05-01,Wales,6984
1975-05-01,Scotland,6983
1975-05-01,United Kingdom,8680
1975-06-01,Wales,6984
1975-06-01,England,8501
1975-06-01,Scotland,6983
1975-06-01,United Kingdom,8680
1975-07-01,England,8702
1975-07-01,Scotland,7525
1975-07-01,Wales,7422
1975-07-01,United Kingdom,8942
1975-08-01,England,8702
1975-08-01,Wales,7422
1975-08-01,Scotland,7525
1975-08-01,United Kingdom,8942
1975-09-01,Wales,7422
1975-09-01,England,8702
1975-09-01,Scotland,7525
1975-09-01,United Kingdom,8942
1975-10-01,Scotland,7657
1975-10-01,England,8812
1975-10-01,Wales,7276
1975-10-01,United Kingdom,9036
1975-11-01,England,8812
1975-11-01,Scotland,7657
1975-11-01,Wales,7276
1975-11-01,United Kingdom,9036
1975-12-01,Wales,7276
1975-12-01,Scotland,7657
1975-12-01,England,8812
1975-12-01,United Kingdom,9036
1976-01-01,Wales,7670
1976-01-01,England,8958
1976-01-01,Scotland,8096
1976-01-01,United Kingdom,9223
1976-02-01,England,8958
1976-02-01,Wales,7670
1976-02-01,Scotland,8096
1976-02-01,United Kingdom,9223
1976-03-01,England,8958
1976-03-01,Wales,7670
1976-03-01,Scotland,8096
1976-03-01,United Kingdom,9223
1976-04-01,England,9178
1976-04-01,Wales,7699
1976-04-01,Scotland,8579
1976-04-01,United Kingdom,9466
1976-05-01,England,9178
1976-05-01,Wales,7699
1976-05-01,Scotland,8579
1976-05-01,United Kingdom,9466
1976-06-01,Wales,7699
1976-06-01,England,9178
1976-06-01,Scotland,8579
1976-06-01,United Kingdom,9466
1976-07-01,England,9379
1976-07-01,Wales,7919
1976-07-01,Scotland,8887
1976-07-01,United Kingdom,9691
1976-08-01,England,9379
1976-08-01,Wales,7919
1976-08-01,Scotland,8887
1976-08-01,United Kingdom,9691
1976-09-01,Wales,7919
1976-09-01,England,9379
1976-09-01,Scotland,8887
1976-09-01,United Kingdom,9691
1976-10-01,Wales,8109
1976-10-01,England,9543
1976-10-01,Scotland,8901
1976-10-01,United Kingdom,9840
1976-11-01,Wales,8109
1976-11-01,Scotland,8901
1976-11-01,England,9543
1976-11-01,United Kingdom,9840
1976-12-01,England,9543
1976-12-01,Wales,8109
1976-12-01,Scotland,8901
1976-12-01,United Kingdom,9840
1977-01-01,England,9617
1977-01-01,Scotland,9018
1977-01-01,Wales,7933
1977-01-01,United Kingdom,9915
1977-02-01,England,9617
1977-02-01,Scotland,9018
1977-02-01,Wales,7933
1977-02-01,United Kingdom,9915
1977-03-01,Scotland,9018
1977-03-01,England,9617
1977-03-01,Wales,7933
1977-03-01,United Kingdom,9915
1977-04-01,Wales,8269
1977-04-01,England,9745
1977-04-01,Scotland,9180
1977-04-01,United Kingdom,10065
1977-05-01,Wales,8269
1977-05-01,England,9745
1977-05-01,Scotland,9180
1977-05-01,United Kingdom,10065
1977-06-01,Scotland,9180
1977-06-01,Wales,8269
1977-06-01,England,9745
1977-06-01,United Kingdom,10065
1977-07-01,England,10037
1977-07-01,Wales,8313
1977-07-01,Scotland,9619
1977-07-01,United Kingdom,10364
1977-08-01,Wales,8313
1977-08-01,England,10037
1977-08-01,Scotland,9619
1977-08-01,United Kingdom,10364
1977-09-01,Wales,8313
1977-09-01,England,10037
1977-09-01,Scotland,9619
1977-09-01,United Kingdom,10364
1977-10-01,Wales,8561
1977-10-01,England,10348
1977-10-01,Scotland,9853
1977-10-01,United Kingdom,10682
1977-11-01,England,10348
1977-11-01,Wales,8561
1977-11-01,Scotland,9853
1977-11-01,United Kingdom,10682
1977-12-01,Wales,8561
1977-12-01,Scotland,9853
1977-12-01,England,10348
1977-12-01,United Kingdom,10682
1978-01-01,England,10567
1978-01-01,Scotland,9765
1978-01-01,Wales,9117
1978-01-01,United Kingdom,10925
1978-02-01,Wales,9117
1978-02-01,England,10567
1978-02-01,Scotland,9765
1978-02-01,United Kingdom,10925
1978-03-01,Scotland,9765
1978-03-01,Wales,9117
1978-03-01,England,10567
1978-03-01,United Kingdom,10925
1978-04-01,Wales,9219
1978-04-01,England,11097
1978-04-01,Scotland,10278
1978-04-01,United Kingdom,11449
1978-05-01,Scotland,10278
1978-05-01,England,11097
1978-05-01,Wales,9219
1978-05-01,United Kingdom,11449
1978-06-01,England,11097
1978-06-01,Wales,9219
1978-06-01,Scotland,10278
1978-06-01,United Kingdom,11449
1978-07-01,Wales,9803
1978-07-01,England,11884
1978-07-01,Scotland,10980
1978-07-01,United Kingdom,12254
1978-08-01,Scotland,10980
1978-08-01,Wales,9803
1978-08-01,England,11884
1978-08-01,United Kingdom,12254
1978-09-01,Wales,9803
1978-09-01,Scotland,10980
1978-09-01,England,11884
1978-09-01,United Kingdom,12254
1978-10-01,Scotland,11522
1978-10-01,Wales,10315
1978-10-01,England,12743
1978-10-01,United Kingdom,13114
1978-11-01,Wales,10315
1978-11-01,England,12743
1978-11-01,Scotland,11522
1978-11-01,United Kingdom,13114
1978-12-01,Wales,10315
1978-12-01,Scotland,11522
1978-12-01,England,12743
1978-12-01,United Kingdom,13114
1979-01-01,Wales,10680
1979-01-01,England,13419
1979-01-01,Scotland,11815
1979-01-01,United Kingdom,13806
1979-02-01,Scotland,11815
1979-02-01,Wales,10680
1979-02-01,England,13419
1979-02-01,United Kingdom,13806
1979-03-01,Scotland,11815
1979-03-01,Wales,10680
1979-03-01,England,13419
1979-03-01,United Kingdom,13806
1979-04-01,Scotland,12313
1979-04-01,Wales,11790
1979-04-01,England,14480
1979-04-01,United Kingdom,14873
1979-05-01,Wales,11790
1979-05-01,Scotland,12313
1979-05-01,England,14480
1979-05-01,United Kingdom,14873
1979-06-01,England,14480
1979-06-01,Scotland,12313
1979-06-01,Wales,11790
1979-06-01,United Kingdom,14873
1979-07-01,Scotland,13425
1979-07-01,Wales,12784
1979-07-01,England,15540
1979-07-01,United Kingdom,16014
1979-08-01,England,15540
1979-08-01,Scotland,13425
1979-08-01,Wales,12784
1979-08-01,United Kingdom,16014
1979-09-01,England,15540
1979-09-01,Wales,12784
1979-09-01,Scotland,13425
1979-09-01,United Kingdom,16014
1979-10-01,England,16655
1979-10-01,Wales,13602
1979-10-01,Scotland,13396
1979-10-01,United Kingdom,17080
1979-11-01,Scotland,13396
1979-11-01,Wales,13602
1979-11-01,England,16655
1979-11-01,United Kingdom,17080
1979-12-01,Wales,13602
1979-12-01,Scotland,13396
1979-12-01,England,16655
1979-12-01,United Kingdom,17080
1980-01-01,Scotland,14040
1980-01-01,Wales,13719
1980-01-01,England,17350
1980-01-01,United Kingdom,17754
1980-02-01,England,17350
1980-02-01,Scotland,14040
1980-02-01,Wales,13719
1980-02-01,United Kingdom,17754
1980-03-01,Wales,13719
1980-03-01,Scotland,14040
1980-03-01,England,17350
1980-03-01,United Kingdom,17754
1980-04-01,Wales,14435
1980-04-01,Scotland,14157
1980-04-01,England,18063
1980-04-01,United Kingdom,18464
1980-05-01,Wales,14435
1980-05-01,England,18063
1980-05-01,Scotland,14157
1980-05-01,United Kingdom,18464
1980-06-01,Scotland,14157
1980-06-01,Wales,14435
1980-06-01,England,18063
1980-06-01,United Kingdom,18464
1980-07-01,Scotland,15167
1980-07-01,Wales,14844
1980-07-01,England,18630
1980-07-01,United Kingdom,19213
1980-08-01,Wales,14844
1980-08-01,England,18630
1980-08-01,Scotland,15167
1980-08-01,United Kingdom,19213
1980-09-01,Scotland,15167
1980-09-01,Wales,14844
1980-09-01,England,18630
1980-09-01,United Kingdom,19213
1980-10-01,Scotland,14933
1980-10-01,Wales,15574
1980-10-01,England,18813
1980-10-01,United Kingdom,19250
1980-11-01,Scotland,14933
1980-11-01,Wales,15574
1980-11-01,England,18813
1980-11-01,United Kingdom,19250
1980-12-01,England,18813
1980-12-01,Scotland,14933
1980-12-01,Wales,15574
1980-12-01,United Kingdom,19250
1981-01-01,England,18849
1981-01-01,Wales,15034
1981-01-01,Scotland,15358
1981-01-01,United Kingdom,19288
1981-02-01,England,18849
1981-02-01,Wales,15034
1981-02-01,Scotland,15358
1981-02-01,United Kingdom,19288
1981-03-01,Scotland,15358
1981-03-01,England,18849
1981-03-01,Wales,15034
1981-03-01,United Kingdom,19288
1981-04-01,Wales,15823
1981-04-01,Scotland,16134
1981-04-01,England,19343
1981-04-01,United Kingdom,19811
1981-05-01,Wales,15823
1981-05-01,Scotland,16134
1981-05-01,England,19343
1981-05-01,United Kingdom,19811
1981-06-01,Wales,15823
1981-06-01,Scotland,16134
1981-06-01,England,19343
1981-06-01,United Kingdom,19811
1981-07-01,Wales,17167
1981-07-01,Scotland,16295
1981-07-01,England,19599
1981-07-01,United Kingdom,20129
1981-08-01,Scotland,16295
1981-08-01,England,19599
1981-08-01,Wales,17167
1981-08-01,United Kingdom,20129
1981-09-01,England,19599
1981-09-01,Wales,17167
1981-09-01,Scotland,16295
1981-09-01,United Kingdom,20129
1981-10-01,Wales,15384
1981-10-01,England,19270
1981-10-01,Scotland,16368
1981-10-01,United Kingdom,19737
1981-11-01,Scotland,16368
1981-11-01,England,19270
1981-11-01,Wales,15384
1981-11-01,United Kingdom,19737
1981-12-01,England,19270
1981-12-01,Scotland,16368
1981-12-01,Wales,15384
1981-12-01,United Kingdom,19737
1982-01-01,Scotland,16295
1982-01-01,England,18740
1982-01-01,Wales,15472
1982-01-01,United Kingdom,19250
1982-02-01,Scotland,16295
1982-02-01,Wales,15472
1982-02-01,England,18740
1982-02-01,United Kingdom,19250
1982-03-01,Scotland,16295
1982-03-01,England,18740
1982-03-01,Wales,15472
1982-03-01,United Kingdom,19250
1982-04-01,Wales,16801
1982-04-01,Scotland,17027
1982-04-01,England,19526
1982-04-01,United Kingdom,20092
1982-05-01,Wales,16801
1982-05-01,England,19526
1982-05-01,Scotland,17027
1982-05-01,United Kingdom,20092
1982-06-01,Scotland,17027
1982-06-01,England,19526
1982-06-01,Wales,16801
1982-06-01,United Kingdom,20092
1982-07-01,Wales,17181
1982-07-01,England,20038
1982-07-01,Scotland,17173
1982-07-01,United Kingdom,20597
1982-08-01,Wales,17181
1982-08-01,England,20038
1982-08-01,Scotland,17173
1982-08-01,United Kingdom,20597
1982-09-01,Wales,17181
1982-09-01,England,20038
1982-09-01,Scotland,17173
1982-09-01,United Kingdom,20597
1982-10-01,Scotland,17729
1982-10-01,England,20312
1982-10-01,Wales,17254
1982-10-01,United Kingdom,20896
1982-11-01,Scotland,17729
1982-11-01,England,20312
1982-11-01,Wales,17254
1982-11-01,United Kingdom,20896
1982-12-01,England,20312
1982-12-01,Scotland,17729
1982-12-01,Wales,17254
1982-12-01,United Kingdom,20896
1983-01-01,England,21025
1983-01-01,Scotland,18154
1983-01-01,Wales,17094
1983-01-01,United Kingdom,21514
1983-02-01,Scotland,18154
1983-02-01,Wales,17094
1983-02-01,England,21025
1983-02-01,United Kingdom,21514
1983-03-01,England,21025
1983-03-01,Scotland,18154
1983-03-01,Wales,17094
1983-03-01,United Kingdom,21514
1983-04-01,England,21573
1983-04-01,Wales,17824
1983-04-01,Scotland,19472
1983-04-01,United Kingdom,22262
1983-05-01,Wales,17824
1983-05-01,England,21573
1983-05-01,Scotland,19472
1983-05-01,United Kingdom,22262
1983-06-01,Wales,17824
1983-06-01,England,21573
1983-06-01,Scotland,19472
1983-06-01,United Kingdom,22262
1983-07-01,Scotland,19032
1983-07-01,England,22487
1983-07-01,Wales,18993
1983-07-01,United Kingdom,23197
1983-08-01,Wales,18993
1983-08-01,Scotland,19032
1983-08-01,England,22487
1983-08-01,United Kingdom,23197
1983-09-01,England,22487
1983-09-01,Scotland,19032
1983-09-01,Wales,18993
1983-09-01,United Kingdom,23197
1983-10-01,Scotland,19911
1983-10-01,Wales,19285
1983-10-01,England,22670
1983-10-01,United Kingdom,23385
1983-11-01,Wales,19285
1983-11-01,Scotland,19911
1983-11-01,England,22670
1983-11-01,United Kingdom,23385
1983-12-01,England,22670
1983-12-01,Scotland,19911
1983-12-01,Wales,19285
1983-12-01,United Kingdom,23385
1984-01-01,England,23036
1984-01-01,Scotland,19325
1984-01-01,Wales,18555
1984-01-01,United Kingdom,23572
1984-02-01,Wales,18555
1984-02-01,England,23036
1984-02-01,Scotland,19325
1984-02-01,United Kingdom,23572
1984-03-01,England,23036
1984-03-01,Scotland,19325
1984-03-01,Wales,18555
1984-03-01,United Kingdom,23572
1984-04-01,England,23767
1984-04-01,Scotland,20204
1984-04-01,Wales,18701
1984-04-01,United Kingdom,24320
1984-05-01,England,23767
1984-05-01,Scotland,20204
1984-05-01,Wales,18701
1984-05-01,United Kingdom,24320
1984-06-01,England,23767
1984-06-01,Scotland,20204
1984-06-01,Wales,18701
1984-06-01,United Kingdom,24320
1984-07-01,England,24681
1984-07-01,Scotland,20936
1984-07-01,Wales,19285
1984-07-01,United Kingdom,25255
1984-08-01,England,24681
1984-08-01,Scotland,20936
1984-08-01,Wales,19285
1984-08-01,United Kingdom,25255
1984-09-01,England,24681
1984-09-01,Scotland,20936
1984-09-01,Wales,19285
1984-09-01,United Kingdom,25255
1984-10-01,England,25047
1984-10-01,Scotland,20789
1984-10-01,Wales,19577
1984-10-01,United Kingdom,25629
1984-11-01,England,25047
1984-11-01,Wales,19577
1984-11-01,Scotland,20789
1984-11-01,United Kingdom,25629
1984-12-01,Wales,19577
1984-12-01,Scotland,20789
1984-12-01,England,25047
1984-12-01,United Kingdom,25629
1985-01-01,England,25047
1985-01-01,Scotland,20643
1985-01-01,Wales,20308
1985-01-01,United Kingdom,25629
1985-02-01,Scotland,20643
1985-02-01,England,25047
1985-02-01,Wales,20308
1985-02-01,United Kingdom,25629
1985-03-01,Scotland,20643
1985-03-01,Wales,20308
1985-03-01,England,25047
1985-03-01,United Kingdom,25629
1985-04-01,Wales,20162
1985-04-01,Scotland,21668
1985-04-01,England,25961
1985-04-01,United Kingdom,26565
1985-05-01,England,25961
1985-05-01,Scotland,21668
1985-05-01,Wales,20162
1985-05-01,United Kingdom,26565
1985-06-01,Scotland,21668
1985-06-01,Wales,20162
1985-06-01,England,25961
1985-06-01,United Kingdom,26565
1985-07-01,Wales,20746
1985-07-01,England,26692
1985-07-01,Scotland,21521
1985-07-01,United Kingdom,27126
1985-08-01,Scotland,21521
1985-08-01,Wales,20746
1985-08-01,England,26692
1985-08-01,United Kingdom,27126
1985-09-01,England,26692
1985-09-01,Wales,20746
1985-09-01,Scotland,21521
1985-09-01,United Kingdom,27126
1985-10-01,Wales,20746
1985-10-01,England,27424
1985-10-01,Scotland,21961
1985-10-01,United Kingdom,28061
1985-11-01,England,27424
1985-11-01,Scotland,21961
1985-11-01,Wales,20746
1985-11-01,United Kingdom,28061
1985-12-01,Wales,20746
1985-12-01,England,27424
1985-12-01,Scotland,21961
1985-12-01,United Kingdom,28061
1986-01-01,Scotland,22107
1986-01-01,Wales,20892
1986-01-01,England,28155
1986-01-01,United Kingdom,28623
1986-02-01,Scotland,22107
1986-02-01,Wales,20892
1986-02-01,England,28155
1986-02-01,United Kingdom,28623
1986-03-01,Wales,20892
1986-03-01,Scotland,22107
1986-03-01,England,28155
1986-03-01,United Kingdom,28623
1986-04-01,Wales,21038
1986-04-01,England,29435
1986-04-01,Scotland,22693
1986-04-01,United Kingdom,29932
1986-05-01,England,29435
1986-05-01,Wales,21038
1986-05-01,Scotland,22693
1986-05-01,United Kingdom,29932
1986-06-01,Scotland,22693
1986-06-01,Wales,21038
1986-06-01,England,29435
1986-06-01,United Kingdom,29932
1986-07-01,Wales,22938
1986-07-01,England,30897
1986-07-01,Scotland,22693
1986-07-01,United Kingdom,31242
1986-08-01,Scotland,22693
1986-08-01,Wales,22938
1986-08-01,England,30897
1986-08-01,United Kingdom,31242
1986-09-01,Scotland,22693
1986-09-01,England,30897
1986-09-01,Wales,22938
1986-09-01,United Kingdom,31242
1986-10-01,Scotland,23132
1986-10-01,England,31994
1986-10-01,Wales,22645
1986-10-01,United Kingdom,32177
1986-11-01,England,31994
1986-11-01,Scotland,23132
1986-11-01,Wales,22645
1986-11-01,United Kingdom,32177
1986-12-01,Wales,22645
1986-12-01,England,31994
1986-12-01,Scotland,23132
1986-12-01,United Kingdom,32177
1987-01-01,Scotland,23571
1987-01-01,Wales,23376
1987-01-01,England,32908
1987-01-01,United Kingdom,33113
1987-02-01,Wales,23376
1987-02-01,England,32908
1987-02-01,Scotland,23571
1987-02-01,United Kingdom,33113
1987-03-01,England,32908
1987-03-01,Scotland,23571
1987-03-01,Wales,23376
1987-03-01,United Kingdom,33113
1987-04-01,England,34554
1987-04-01,Wales,23522
1987-04-01,Scotland,24303
1987-04-01,United Kingdom,34609
1987-05-01,Wales,23522
1987-05-01,England,34554
1987-05-01,Scotland,24303
1987-05-01,United Kingdom,34609
1987-06-01,Wales,23522
1987-06-01,England,34554
1987-06-01,Scotland,24303
1987-06-01,United Kingdom,34609
1987-07-01,Scotland,24010
1987-07-01,England,36199
1987-07-01,Wales,24545
1987-07-01,United Kingdom,36293
1987-08-01,Scotland,24010
1987-08-01,England,36199
1987-08-01,Wales,24545
1987-08-01,United Kingdom,36293
1987-09-01,Scotland,24010
1987-09-01,England,36199
1987-09-01,Wales,24545
1987-09-01,United Kingdom,36293
1987-10-01,Scotland,24964
1987-10-01,Wales,25545
1987-10-01,England,38489
1987-10-01,United Kingdom,38442
1987-11-01,Wales,25545
1987-11-01,England,38489
1987-11-01,Scotland,24964
1987-11-01,United Kingdom,38442
1987-12-01,England,38489
1987-12-01,Scotland,24964
1987-12-01,Wales,25545
1987-12-01,United Kingdom,38442
1988-01-01,Wales,25545
1988-01-01,Scotland,23888
1988-01-01,England,40335
1988-01-01,United Kingdom,40055
1988-02-01,Scotland,23888
1988-02-01,England,40335
1988-02-01,Wales,25545
1988-02-01,United Kingdom,40055
1988-03-01,England,40335
1988-03-01,Wales,25545
1988-03-01,Scotland,23888
1988-03-01,United Kingdom,40055
1988-04-01,England,42707
1988-04-01,Scotland,25609
1988-04-01,Wales,27193
1988-04-01,United Kingdom,42475
1988-05-01,England,42707
1988-05-01,Wales,27193
1988-05-01,Scotland,25609
1988-05-01,United Kingdom,42475
1988-06-01,Wales,27193
1988-06-01,England,42707
1988-06-01,Scotland,25609
1988-06-01,United Kingdom,42475
1988-07-01,Wales,31313
1988-07-01,England,48771
1988-07-01,Scotland,27116
1988-07-01,United Kingdom,48120
1988-08-01,Wales,31313
1988-08-01,England,48771
1988-08-01,Scotland,27116
1988-08-01,United Kingdom,48120
1988-09-01,Wales,31313
1988-09-01,England,48771
1988-09-01,Scotland,27116
1988-09-01,United Kingdom,48120
1988-10-01,Wales,32137
1988-10-01,Scotland,27977
1988-10-01,England,51671
1988-10-01,United Kingdom,51077
1988-11-01,Wales,32137
1988-11-01,Scotland,27977
1988-11-01,England,51671
1988-11-01,United Kingdom,51077
1988-12-01,England,51671
1988-12-01,Scotland,27977
1988-12-01,Wales,32137
1988-12-01,United Kingdom,51077
1989-01-01,Scotland,28407
1989-01-01,Wales,36463
1989-01-01,England,52725
1989-01-01,United Kingdom,52152
1989-02-01,Wales,36463
1989-02-01,Scotland,28407
1989-02-01,England,52725
1989-02-01,United Kingdom,52152
1989-03-01,England,52725
1989-03-01,Scotland,28407
1989-03-01,Wales,36463
1989-03-01,United Kingdom,52152
1989-04-01,England,54307
1989-04-01,Wales,40583
1989-04-01,Scotland,30129
1989-04-01,United Kingdom,54034
1989-05-01,Wales,40583
1989-05-01,England,54307
1989-05-01,Scotland,30129
1989-05-01,United Kingdom,54034
1989-06-01,Scotland,30129
1989-06-01,England,54307
1989-06-01,Wales,40583
1989-06-01,United Kingdom,54034
1989-07-01,Scotland,31205
1989-07-01,England,56416
1989-07-01,Wales,41613
1989-07-01,United Kingdom,55916
1989-08-01,Wales,41613
1989-08-01,Scotland,31205
1989-08-01,England,56416
1989-08-01,United Kingdom,55916
1989-09-01,Scotland,31205
1989-09-01,Wales,41613
1989-09-01,England,56416
1989-09-01,United Kingdom,55916
1989-10-01,Scotland,33357
1989-10-01,England,55098
1989-10-01,Wales,39965
1989-10-01,United Kingdom,54841
1989-11-01,England,55098
1989-11-01,Scotland,33357
1989-11-01,Wales,39965
1989-11-01,United Kingdom,54841
1989-12-01,Wales,39965
1989-12-01,Scotland,33357
1989-12-01,England,55098
1989-12-01,United Kingdom,54841
1990-01-01,Wales,40372
1990-01-01,Scotland,32588
1990-01-01,England,53894
1990-01-01,United Kingdom,53658
1990-02-01,Scotland,32588
1990-02-01,Wales,40372
1990-02-01,England,53894
1990-02-01,United Kingdom,53658
1990-03-01,Scotland,32588
1990-03-01,Wales,40372
1990-03-01,England,53894
1990-03-01,United Kingdom,53658
1990-04-01,Scotland,33624
1990-04-01,England,53358
1990-04-01,Wales,38963
1990-04-01,United Kingdom,53176
1990-05-01,England,53358
1990-05-01,Wales,38963
1990-05-01,Scotland,33624
1990-05-01,United Kingdom,53176
1990-06-01,Wales,38963
1990-06-01,Scotland,33624
1990-06-01,England,53358
1990-06-01,United Kingdom,53176
1990-07-01,Scotland,34797
1990-07-01,England,54109
1990-07-01,Wales,43813
1990-07-01,United Kingdom,54141
1990-08-01,Scotland,34797
1990-08-01,England,54109
1990-08-01,Wales,43813
1990-08-01,United Kingdom,54141
1990-09-01,Wales,43813
1990-09-01,Scotland,34797
1990-09-01,England,54109
1990-09-01,United Kingdom,54141
1990-10-01,Scotland,36351
1990-10-01,England,53090
1990-10-01,Wales,41864
1990-10-01,United Kingdom,53337
1990-11-01,Scotland,36351
1990-11-01,England,53090
1990-11-01,Wales,41864
1990-11-01,United Kingdom,53337
1990-12-01,Scotland,36351
1990-12-01,Wales,41864
1990-12-01,England,53090
1990-12-01,United Kingdom,53337
1991-01-01,Wales,39419
1991-01-01,Scotland,38491
1991-01-01,England,52125
1991-01-01,United Kingdom,52586
1991-02-01,England,52125
1991-02-01,Scotland,38491
1991-02-01,Wales,39419
1991-02-01,United Kingdom,52586
1991-03-01,England,52125
1991-03-01,Wales,39419
1991-03-01,Scotland,38491
1991-03-01,United Kingdom,52586
1991-04-01,Scotland,36558
1991-04-01,England,52178
1991-04-01,Wales,38880
1991-04-01,United Kingdom,52372
1991-05-01,Scotland,36558
1991-05-01,Wales,38880
1991-05-01,England,52178
1991-05-01,United Kingdom,52372
1991-06-01,England,52178
1991-06-01,Wales,38880
1991-06-01,Scotland,36558
1991-06-01,United Kingdom,52372
1991-07-01,Wales,41243
1991-07-01,Scotland,36316
1991-07-01,England,53197
1991-07-01,United Kingdom,53390
1991-08-01,Scotland,36316
1991-08-01,Wales,41243
1991-08-01,England,53197
1991-08-01,United Kingdom,53390
1991-09-01,Scotland,36316
1991-09-01,England,53197
1991-09-01,Wales,41243
1991-09-01,United Kingdom,53390
1991-10-01,Scotland,37973
1991-10-01,England,52339
1991-10-01,Wales,43357
1991-10-01,United Kingdom,52908
1991-11-01,Scotland,37973
1991-11-01,Wales,43357
1991-11-01,England,52339
1991-11-01,United Kingdom,52908
1991-12-01,England,52339
1991-12-01,Wales,43357
1991-12-01,Scotland,37973
1991-12-01,United Kingdom,52908
1992-01-01,Scotland,38733
1992-01-01,England,51374
1992-01-01,Wales,42693
1992-01-01,United Kingdom,52050
1992-02-01,Scotland,38733
1992-02-01,Wales,42693
1992-02-01,England,51374
1992-02-01,United Kingdom,52050
1992-03-01,Scotland,38733
1992-03-01,Wales,42693
1992-03-01,England,51374
1992-03-01,United Kingdom,52050
1992-04-01,Wales,40041
1992-04-01,England,50033
1992-04-01,Scotland,38802
1992-04-01,United Kingdom,50817
1992-05-01,England,50033
1992-05-01,Wales,40041
1992-05-01,Scotland,38802
1992-05-01,United Kingdom,50817
1992-06-01,Scotland,38802
1992-06-01,Wales,40041
1992-06-01,England,50033
1992-06-01,United Kingdom,50817
1992-07-01,Scotland,39522
1992-07-01,Wales,38998
1992-07-01,England,50180
1992-07-01,United Kingdom,50967
1992-08-01,Scotland,39522
1992-08-01,Wales,38998
1992-08-01,England,50180
1992-08-01,United Kingdom,50967
1992-09-01,Wales,38998
1992-09-01,England,50180
1992-09-01,Scotland,39522
1992-09-01,United Kingdom,50967
1992-10-01,Scotland,39962
1992-10-01,Wales,39318
1992-10-01,England,47975
1992-10-01,United Kingdom,49018
1992-11-01,England,47975
1992-11-01,Scotland,39962
1992-11-01,Wales,39318
1992-11-01,United Kingdom,49018
1992-12-01,Wales,39318
1992-12-01,England,47975
1992-12-01,Scotland,39962
1992-12-01,United Kingdom,49018
1993-01-01,Scotland,37882
1993-01-01,Wales,39800
1993-01-01,England,48465
1993-01-01,United Kingdom,49268
1993-02-01,Scotland,37882
1993-02-01,Wales,39800
1993-02-01,England,48465
1993-02-01,United Kingdom,49268
1993-03-01,Scotland,37882
1993-03-01,Wales,39800
1993-03-01,England,48465
1993-03-01,United Kingdom,49268
1993-04-01,Scotland,41002
1993-04-01,Wales,39880
1993-04-01,England,48612
1993-04-01,United Kingdom,49668
1993-05-01,Scotland,41002
1993-05-01,Wales,39880
1993-05-01,England,48612
1993-05-01,United Kingdom,49668
1993-06-01,Wales,39880
1993-06-01,England,48612
1993-06-01,Scotland,41002
1993-06-01,United Kingdom,49668
1993-07-01,Scotland,41082
1993-07-01,England,49641
1993-07-01,Wales,40281
1993-07-01,United Kingdom,50717
1993-08-01,Wales,40281
1993-08-01,Scotland,41082
1993-08-01,England,49641
1993-08-01,United Kingdom,50717
1993-09-01,England,49641
1993-09-01,Scotland,41082
1993-09-01,Wales,40281
1993-09-01,United Kingdom,50717
1993-10-01,Scotland,39162
1993-10-01,England,48906
1993-10-01,Wales,39960
1993-10-01,United Kingdom,49768
1993-11-01,Scotland,39162
1993-11-01,Wales,39960
1993-11-01,England,48906
1993-11-01,United Kingdom,49768
1993-12-01,Wales,39960
1993-12-01,Scotland,39162
1993-12-01,England,48906
1993-12-01,United Kingdom,49768
1994-01-01,Scotland,39042
1994-01-01,Wales,38476
1994-01-01,England,49543
1994-01-01,United Kingdom,50317
1994-02-01,Scotland,39042
1994-02-01,Wales,38476
1994-02-01,England,49543
1994-02-01,United Kingdom,50317
1994-03-01,Scotland,39042
1994-03-01,Wales,38476
1994-03-01,England,49543
1994-03-01,United Kingdom,50317
1994-04-01,Scotland,40602
1994-04-01,Wales,41605
1994-04-01,England,50082
1994-04-01,United Kingdom,51017
1994-05-01,Scotland,40602
1994-05-01,Wales,41605
1994-05-01,England,50082
1994-05-01,United Kingdom,51017
1994-06-01,Wales,41605
1994-06-01,Scotland,40602
1994-06-01,England,50082
1994-06-01,United Kingdom,51017
1994-07-01,Scotland,41522
1994-07-01,England,50719
1994-07-01,Wales,42969
1994-07-01,United Kingdom,51866
1994-08-01,Wales,42969
1994-08-01,England,50719
1994-08-01,Scotland,41522
1994-08-01,United Kingdom,51866
1994-09-01,Wales,42969
1994-09-01,Scotland,41522
1994-09-01,England,50719
1994-09-01,United Kingdom,51866
1994-10-01,Scotland,40482
1994-10-01,Wales,38396
1994-10-01,England,50670
1994-10-01,United Kingdom,51517
1994-11-01,Scotland,40482
1994-11-01,England,50670
1994-11-01,Wales,38396
1994-11-01,United Kingdom,51517
1994-12-01,England,50670
1994-12-01,Wales,38396
1994-12-01,Scotland,40482
1994-12-01,United Kingdom,51517
1995-01-01,England,50231
1995-01-01,Wales,40870
1995-01-01,Scotland,38802
1995-01-01,United Kingdom,51067
1995-02-01,England,50130
1995-02-01,Scotland,38802
1995-02-01,Wales,40168
1995-02-01,United Kingdom,51067
1995-03-01,Wales,39559
1995-03-01,Scotland,38802
1995-03-01,England,50229
1995-03-01,United Kingdom,51067
1995-04-01,England,50597
1995-04-01,Scotland,39442
1995-04-01,Wales,40199
1995-04-01,United Kingdom,51617
1995-05-01,England,50679
1995-05-01,Wales,40172
1995-05-01,Scotland,39442
1995-05-01,United Kingdom,51617
1995-06-01,England,50733
1995-06-01,Wales,41223
1995-06-01,Scotland,39442
1995-06-01,United Kingdom,51617
1995-07-01,Scotland,42242
1995-07-01,England,50889
1995-07-01,Wales,41271
1995-07-01,United Kingdom,52066
1995-08-01,Scotland,42242
1995-08-01,England,50606
1995-08-01,Wales,40870
1995-08-01,United Kingdom,52066
1995-09-01,England,50331
1995-09-01,Wales,40870
1995-09-01,Scotland,42242
1995-09-01,United Kingdom,52066
1995-10-01,Scotland,41442
1995-10-01,England,49892
1995-10-01,Wales,40193
1995-10-01,United Kingdom,51367
1995-11-01,Scotland,41442
1995-11-01,Wales,40346
1995-11-01,England,49839
1995-11-01,United Kingdom,51367
1995-12-01,Scotland,41442
1995-12-01,Wales,39715
1995-12-01,England,49965
1995-12-01,United Kingdom,51367
1996-01-01,England,49410
1996-01-01,Wales,40283
1996-01-01,Scotland,43242
1996-01-01,United Kingdom,52116
1996-02-01,England,49601
1996-02-01,Wales,39692
1996-02-01,Scotland,43242
1996-02-01,United Kingdom,52116
1996-03-01,Wales,39362
1996-03-01,England,49739
1996-03-01,Scotland,43242
1996-03-01,United Kingdom,52116
1996-04-01,Wales,41006
1996-04-01,Scotland,40642
1996-04-01,England,50352
1996-04-01,United Kingdom,52166
1996-05-01,England,50815
1996-05-01,Scotland,40642
1996-05-01,Wales,40703
1996-05-01,United Kingdom,52166
1996-06-01,England,51071
1996-06-01,Scotland,40642
1996-06-01,Wales,41003
1996-06-01,United Kingdom,52166
1996-07-01,Wales,41206
1996-07-01,England,51648
1996-07-01,Scotland,42322
1996-07-01,United Kingdom,54215
1996-08-01,England,52028
1996-08-01,Scotland,42322
1996-08-01,Wales,41283
1996-08-01,United Kingdom,54215
1996-09-01,Scotland,42322
1996-09-01,Wales,40852
1996-09-01,England,51952
1996-09-01,United Kingdom,54215
1996-10-01,Scotland,42602
1996-10-01,Wales,41454
1996-10-01,England,51862
1996-10-01,United Kingdom,55164
1996-11-01,Scotland,42602
1996-11-01,Wales,41029
1996-11-01,England,52396
1996-11-01,United Kingdom,55164
1996-12-01,Scotland,42602
1996-12-01,Wales,41550
1996-12-01,England,52640
1996-12-01,United Kingdom,55164
1997-01-01,England,52672
1997-01-01,Wales,41212
1997-01-01,Scotland,41802
1997-01-01,United Kingdom,55914
1997-02-01,England,53060
1997-02-01,Wales,42260
1997-02-01,Scotland,41802
1997-02-01,United Kingdom,55914
1997-03-01,England,53612
1997-03-01,Scotland,41802
1997-03-01,Wales,42183
1997-03-01,United Kingdom,55914
1997-04-01,Wales,41863
1997-04-01,Scotland,44242
1997-04-01,England,54361
1997-04-01,United Kingdom,57063
1997-05-01,Wales,43029
1997-05-01,England,55230
1997-05-01,Scotland,44242
1997-05-01,United Kingdom,57063
1997-06-01,Wales,43829
1997-06-01,England,55836
1997-06-01,Scotland,44242
1997-06-01,United Kingdom,57063
1997-07-01,Wales,43327
1997-07-01,England,56732
1997-07-01,Scotland,45442
1997-07-01,United Kingdom,59961
1997-08-01,England,57356
1997-08-01,Wales,44007
1997-08-01,Scotland,45442
1997-08-01,United Kingdom,59961
1997-09-01,England,57584
1997-09-01,Scotland,45442
1997-09-01,Wales,43819
1997-09-01,United Kingdom,59961
1997-10-01,Wales,43806
1997-10-01,England,57637
1997-10-01,Scotland,45522
1997-10-01,United Kingdom,59511
1997-11-01,England,58063
1997-11-01,Wales,43700
1997-11-01,Scotland,45522
1997-11-01,United Kingdom,59511
1997-12-01,Wales,43814
1997-12-01,England,58125
1997-12-01,Scotland,45522
1997-12-01,United Kingdom,59511
1998-01-01,England,58444
1998-01-01,Wales,44055
1998-01-01,Scotland,44642
1998-01-01,United Kingdom,61010
1998-02-01,Wales,43501
1998-02-01,England,58214
1998-02-01,Scotland,44642
1998-02-01,United Kingdom,61010
1998-03-01,Wales,44132
1998-03-01,England,58775
1998-03-01,Scotland,44642
1998-03-01,United Kingdom,61010
1998-04-01,Wales,45389
1998-04-01,England,60109
1998-04-01,Scotland,46282
1998-04-01,United Kingdom,64258
1998-05-01,Wales,45211
1998-05-01,England,60687
1998-05-01,Scotland,46282
1998-05-01,United Kingdom,64258
1998-06-01,England,61026
1998-06-01,Scotland,46282
1998-06-01,Wales,45333
1998-06-01,United Kingdom,64258
1998-07-01,England,61817
1998-07-01,Scotland,48562
1998-07-01,Wales,45705
1998-07-01,United Kingdom,67057
1998-08-01,Scotland,48562
1998-08-01,England,62071
1998-08-01,Wales,45727
1998-08-01,United Kingdom,67057
1998-09-01,Wales,45692
1998-09-01,Scotland,48562
1998-09-01,England,61941
1998-09-01,United Kingdom,67057
1998-10-01,Wales,45449
1998-10-01,Scotland,46682
1998-10-01,England,61805
1998-10-01,United Kingdom,66757
1998-11-01,Wales,44984
1998-11-01,Scotland,46682
1998-11-01,England,61713
1998-11-01,United Kingdom,66757
1998-12-01,Wales,45767
1998-12-01,Scotland,46682
1998-12-01,England,61912
1998-12-01,United Kingdom,66757
1999-01-01,England,62092
1999-01-01,Wales,46581
1999-01-01,Scotland,44962
1999-01-01,United Kingdom,67157
1999-02-01,Scotland,44962
1999-02-01,England,61861
1999-02-01,Wales,45880
1999-02-01,United Kingdom,67157
1999-03-01,Wales,45446
1999-03-01,England,62669
1999-03-01,Scotland,44962
1999-03-01,United Kingdom,67157
1999-04-01,Wales,46877
1999-04-01,England,63869
1999-04-01,Scotland,47362
1999-04-01,United Kingdom,70005
1999-05-01,England,64580
1999-05-01,Scotland,47362
1999-05-01,Wales,46484
1999-05-01,United Kingdom,70005
1999-06-01,Wales,46975
1999-06-01,Scotland,47362
1999-06-01,England,65550
1999-06-01,United Kingdom,70005
1999-07-01,England,66668
1999-07-01,Scotland,49922
1999-07-01,Wales,48092
1999-07-01,United Kingdom,74102
1999-08-01,Wales,47489
1999-08-01,England,67694
1999-08-01,Scotland,49922
1999-08-01,United Kingdom,74102
1999-09-01,England,68748
1999-09-01,Scotland,49922
1999-09-01,Wales,48716
1999-09-01,United Kingdom,74102
1999-10-01,Wales,48593
1999-10-01,Scotland,49922
1999-10-01,England,69179
1999-10-01,United Kingdom,76001
1999-11-01,Wales,49410
1999-11-01,England,70087
1999-11-01,Scotland,49922
1999-11-01,United Kingdom,76001
1999-12-01,England,70878
1999-12-01,Wales,48995
1999-12-01,Scotland,49922
1999-12-01,United Kingdom,76001
2000-01-01,Scotland,49682
2000-01-01,England,71017
2000-01-01,Wales,49286
2000-01-01,United Kingdom,77950
2000-02-01,Wales,49533
2000-02-01,England,71405
2000-02-01,Scotland,49682
2000-02-01,United Kingdom,77950
2000-03-01,Scotland,49682
2000-03-01,England,72713
2000-03-01,Wales,49570
2000-03-01,United Kingdom,77950
2000-04-01,England,75186
2000-04-01,Wales,50618
2000-04-01,Scotland,49442
2000-04-01,United Kingdom,82197
2000-05-01,Wales,50753
2000-05-01,England,75859
2000-05-01,Scotland,49442
2000-05-01,United Kingdom,82197
2000-06-01,England,76729
2000-06-01,Wales,50597
2000-06-01,Scotland,49442
2000-06-01,United Kingdom,82197
2000-07-01,England,77950
2000-07-01,Wales,51806
2000-07-01,Scotland,49762
2000-07-01,United Kingdom,83746
2000-08-01,England,78839
2000-08-01,Wales,51784
2000-08-01,Scotland,49762
2000-08-01,United Kingdom,83746
2000-09-01,England,78920
2000-09-01,Scotland,49762
2000-09-01,Wales,52500
2000-09-01,United Kingdom,83746
2000-10-01,England,78609
2000-10-01,Wales,51966
2000-10-01,Scotland,49682
2000-10-01,United Kingdom,86244
2000-11-01,England,78879
2000-11-01,Wales,52544
2000-11-01,Scotland,49682
2000-11-01,United Kingdom,86244
2000-12-01,England,79487
2000-12-01,Scotland,49682
2000-12-01,Wales,52479
2000-12-01,United Kingdom,86244
2001-01-01,Scotland,52082
2001-01-01,England,79663
2001-01-01,Wales,51586
2001-01-01,United Kingdom,85794
2001-02-01,Scotland,52082
2001-02-01,Wales,52492
2001-02-01,England,79539
2001-02-01,United Kingdom,85794
2001-03-01,Scotland,52082
2001-03-01,England,80480
2001-03-01,Wales,53099
2001-03-01,United Kingdom,85794
2001-04-01,Scotland,50762
2001-04-01,England,82554
2001-04-01,Wales,53840
2001-04-01,United Kingdom,88892
2001-05-01,Wales,55074
2001-05-01,England,83763
2001-05-01,Scotland,50762
2001-05-01,United Kingdom,88892
2001-06-01,England,84953
2001-06-01,Wales,55635
2001-06-01,Scotland,50762
2001-06-01,United Kingdom,88892
2001-07-01,England,86323
2001-07-01,Scotland,52202
2001-07-01,Wales,56822
2001-07-01,United Kingdom,92090
2001-08-01,England,88117
2001-08-01,Wales,57271
2001-08-01,Scotland,52202
2001-08-01,United Kingdom,92090
2001-09-01,Wales,57382
2001-09-01,Scotland,52202
2001-09-01,England,88448
2001-09-01,United Kingdom,92090
2001-10-01,Wales,56748
2001-10-01,England,88901
2001-10-01,Scotland,52602
2001-10-01,United Kingdom,90242
2001-11-01,England,89771
2001-11-01,Wales,58396
2001-11-01,Scotland,52602
2001-11-01,United Kingdom,90242
2001-12-01,Wales,58150
2001-12-01,Scotland,52602
2001-12-01,England,90629
2001-12-01,United Kingdom,90242
2002-01-01,Scotland,51627
2002-01-01,England,90840
2002-01-01,Wales,58447
2002-01-01,United Kingdom,89928
2002-02-01,Scotland,53722
2002-02-01,Wales,58515
2002-02-01,England,91276
2002-02-01,United Kingdom,93190
2002-03-01,Scotland,55818
2002-03-01,England,93433
2002-03-01,Wales,59032
2002-03-01,United Kingdom,96451
2002-04-01,Scotland,56623
2002-04-01,England,95692
2002-04-01,Wales,61316
2002-04-01,United Kingdom,97756
2002-05-01,Wales,62603
2002-05-01,Scotland,58181
2002-05-01,England,98623
2002-05-01,United Kingdom,100272
2002-06-01,England,100844
2002-06-01,Scotland,60491
2002-06-01,Wales,65727
2002-06-01,United Kingdom,104372
2002-07-01,Wales,66158
2002-07-01,England,103856
2002-07-01,Scotland,60653
2002-07-01,United Kingdom,105211
2002-08-01,Wales,68112
2002-08-01,England,106529
2002-08-01,Scotland,60814
2002-08-01,United Kingdom,107541
2002-09-01,Wales,68009
2002-09-01,Scotland,62103
2002-09-01,England,107551
2002-09-01,United Kingdom,110150
2002-10-01,Wales,69058
2002-10-01,England,109405
2002-10-01,Scotland,61512
2002-10-01,United Kingdom,110989
2002-11-01,England,112062
2002-11-01,Wales,71435
2002-11-01,Scotland,61996
2002-11-01,United Kingdom,112107
2002-12-01,Scotland,64252
2002-12-01,England,113279
2002-12-01,Wales,71307
2002-12-01,United Kingdom,115835
2003-01-01,Scotland,62210
2003-01-01,Wales,73663
2003-01-01,England,114816
2003-01-01,United Kingdom,114996
2003-02-01,Scotland,57913
2003-02-01,England,114952
2003-02-01,Wales,74376
2003-02-01,United Kingdom,113785
2003-03-01,Scotland,61297
2003-03-01,England,116372
2003-03-01,Wales,75059
2003-03-01,United Kingdom,116208
2003-04-01,Wales,78253
2003-04-01,England,119186
2003-04-01,Scotland,64950
2003-04-01,United Kingdom,119003
2003-05-01,Scotland,65004
2003-05-01,England,121131
2003-05-01,Wales,79452
2003-05-01,United Kingdom,118164
2003-06-01,Scotland,66025
2003-06-01,Wales,80978
2003-06-01,England,122126
2003-06-01,United Kingdom,118444
2003-07-01,Wales,83398
2003-07-01,Scotland,68389
2003-07-01,England,124926
2003-07-01,United Kingdom,120494
2003-08-01,Wales,86323
2003-08-01,Scotland,70323
2003-08-01,England,126416
2003-08-01,United Kingdom,122638
2003-09-01,Wales,87053
2003-09-01,Scotland,70108
2003-09-01,England,126371
2003-09-01,United Kingdom,122265
2003-10-01,Wales,87778
2003-10-01,Scotland,72955
2003-10-01,England,128294
2003-10-01,United Kingdom,124408
2003-11-01,England,129514
2003-11-01,Wales,89440
2003-11-01,Scotland,71988
2003-11-01,United Kingdom,123010
2003-12-01,England,131221
2003-12-01,Scotland,74191
2003-12-01,Wales,92527
2003-12-01,United Kingdom,125433
2004-01-01,Wales,93655
2004-01-01,Scotland,76662
2004-01-01,England,131914
2004-01-01,United Kingdom,126179
2004-02-01,Scotland,75645
2004-02-01,England,132447
2004-02-01,Wales,94779
2004-02-01,United Kingdom,124967
2004-03-01,England,134606
2004-03-01,Wales,95626
2004-03-01,Scotland,78418
2004-03-01,United Kingdom,125247
2004-04-01,Wales,101714
2004-04-01,England,139024
2004-04-01,Scotland,83623
2004-04-01,United Kingdom,130931
2004-05-01,England,141728
2004-05-01,Scotland,85015
2004-05-01,Wales,102295
2004-05-01,United Kingdom,132516
2004-06-01,England,144951
2004-06-01,Wales,107651
2004-06-01,Scotland,89148
2004-06-01,United Kingdom,134845
2004-07-01,Wales,111212
2004-07-01,Scotland,91287
2004-07-01,England,147974
2004-07-01,United Kingdom,137734
2004-08-01,England,149891
2004-08-01,Wales,114414
2004-08-01,Scotland,91270
2004-08-01,United Kingdom,139319
2004-09-01,Wales,113047
2004-09-01,Scotland,89835
2004-09-01,England,150347
2004-09-01,United Kingdom,139039
2004-10-01,Scotland,91511
2004-10-01,England,150455
2004-10-01,Wales,114182
2004-10-01,United Kingdom,140064
2004-11-01,Wales,116354
2004-11-01,Scotland,91130
2004-11-01,England,151373
2004-11-01,United Kingdom,139878
2004-12-01,Scotland,93321
2004-12-01,England,150954
2004-12-01,Wales,115521
2004-12-01,United Kingdom,138853
2005-01-01,Wales,117235
2005-01-01,England,149713
2005-01-01,Scotland,90440
2005-01-01,United Kingdom,138759
2005-02-01,Scotland,90028
2005-02-01,England,149748
2005-02-01,Wales,114635
2005-02-01,United Kingdom,138626
2005-03-01,England,150724
2005-03-01,Scotland,92995
2005-03-01,Wales,116512
2005-03-01,United Kingdom,139763
2005-04-01,Scotland,98866
2005-04-01,Wales,117494
2005-04-01,England,152323
2005-04-01,United Kingdom,141751
2005-05-01,Scotland,99902
2005-05-01,England,153954
2005-05-01,Wales,119816
2005-05-01,United Kingdom,143273
2005-06-01,Wales,120702
2005-06-01,Scotland,103919
2005-06-01,England,154903
2005-06-01,United Kingdom,144410
2005-07-01,Scotland,105856
2005-07-01,England,156496
2005-07-01,Wales,123592
2005-07-01,United Kingdom,146269
2005-08-01,England,157142
2005-08-01,Scotland,105951
2005-08-01,Wales,124865
2005-08-01,United Kingdom,146864
2005-09-01,England,156885
2005-09-01,Wales,124329
2005-09-01,Scotland,106034
2005-09-01,United Kingdom,146635
2005-10-01,Wales,124521
2005-10-01,England,156384
2005-10-01,Scotland,105467
2005-10-01,United Kingdom,146342
2005-11-01,Wales,123873
2005-11-01,Scotland,104885
2005-11-01,England,157012
2005-11-01,United Kingdom,146777
2005-12-01,Wales,122782
2005-12-01,Scotland,106541
2005-12-01,England,157901
2005-12-01,United Kingdom,147580
2006-01-01,Scotland,105257
2006-01-01,Wales,123010
2006-01-01,England,157240
2006-01-01,United Kingdom,147360
2006-02-01,Wales,125191
2006-02-01,England,157572
2006-02-01,Scotland,103309
2006-02-01,United Kingdom,147601
2006-03-01,England,158616
2006-03-01,Scotland,107282
2006-03-01,Wales,126482
2006-03-01,United Kingdom,148798
2006-04-01,Scotland,111829
2006-04-01,Wales,126895
2006-04-01,England,161569
2006-04-01,United Kingdom,152032
2006-05-01,England,163051
2006-05-01,Scotland,114395
2006-05-01,Wales,127866
2006-05-01,United Kingdom,153473
2006-06-01,England,164498
2006-06-01,Wales,131176
2006-06-01,Scotland,115914
2006-06-01,United Kingdom,154927
2006-07-01,England,166323
2006-07-01,Scotland,118077
2006-07-01,Wales,131002
2006-07-01,United Kingdom,157156
2006-08-01,Wales,132775
2006-08-01,Scotland,119737
2006-08-01,England,167681
2006-08-01,United Kingdom,158476
2006-09-01,England,168315
2006-09-01,Wales,132730
2006-09-01,Scotland,121628
2006-09-01,United Kingdom,159122
2006-10-01,Scotland,118828
2006-10-01,England,168931
2006-10-01,Wales,132371
2006-10-01,United Kingdom,160054
2006-11-01,Scotland,120670
2006-11-01,Wales,134030
2006-11-01,England,169678
2006-11-01,United Kingdom,160878
2006-12-01,England,171862
2006-12-01,Scotland,122894
2006-12-01,Wales,134947
2006-12-01,United Kingdom,162881
2007-01-01,Scotland,121923
2007-01-01,Wales,132332
2007-01-01,England,171666
2007-01-01,United Kingdom,162825
2007-02-01,Scotland,119596
2007-02-01,Wales,135831
2007-02-01,England,172207
2007-02-01,United Kingdom,163288
2007-03-01,England,173449
2007-03-01,Scotland,124226
2007-03-01,Wales,133935
2007-03-01,United Kingdom,164555
2007-04-01,England,176281
2007-04-01,Wales,137146
2007-04-01,Scotland,130471
2007-04-01,United Kingdom,167877
2007-05-01,Scotland,133535
2007-05-01,England,178266
2007-05-01,Wales,138195
2007-05-01,United Kingdom,169800
2007-06-01,England,180161
2007-06-01,Wales,139568
2007-06-01,Scotland,136549
2007-06-01,United Kingdom,171659
2007-07-01,Wales,139419
2007-07-01,Scotland,136470
2007-07-01,England,182558
2007-07-01,United Kingdom,173817
2007-08-01,Wales,142328
2007-08-01,Scotland,137886
2007-08-01,England,183472
2007-08-01,United Kingdom,174826
2007-09-01,Wales,141237
2007-09-01,England,183883
2007-09-01,Scotland,136930
2007-09-01,United Kingdom,175052
2007-10-01,England,183823
2007-10-01,Wales,141862
2007-10-01,Scotland,134287
2007-10-01,United Kingdom,174644
2007-11-01,Scotland,136189
2007-11-01,Wales,140616
2007-11-01,England,183636
2007-11-01,United Kingdom,174553
2007-12-01,Scotland,134469
2007-12-01,Wales,139530
2007-12-01,England,183515
2007-12-01,United Kingdom,174280
2008-01-01,Wales,138585
2008-01-01,England,181037
2008-01-01,Scotland,133172
2008-01-01,United Kingdom,171137
2008-02-01,Scotland,132325
2008-02-01,England,179448
2008-02-01,Wales,136949
2008-02-01,United Kingdom,169666
2008-03-01,Scotland,132653
2008-03-01,England,178118
2008-03-01,Wales,133982
2008-03-01,United Kingdom,168432
2008-04-01,Wales,134268
2008-04-01,Scotland,134077
2008-04-01,England,178550
2008-04-01,United Kingdom,168711
2008-05-01,Wales,135162
2008-05-01,England,179175
2008-05-01,Scotland,140152
2008-05-01,United Kingdom,169742
2008-06-01,Scotland,136219
2008-06-01,England,176883
2008-06-01,Wales,134336
2008-06-01,United Kingdom,167498
2008-07-01,Scotland,134444
2008-07-01,Wales,130572
2008-07-01,England,175462
2008-07-01,United Kingdom,165669
2008-08-01,England,171355
2008-08-01,Wales,132238
2008-08-01,Scotland,132590
2008-08-01,United Kingdom,162212
2008-09-01,Wales,125576
2008-09-01,England,167330
2008-09-01,Scotland,127429
2008-09-01,United Kingdom,158128
2008-10-01,Scotland,128794
2008-10-01,England,163571
2008-10-01,Wales,126870
2008-10-01,United Kingdom,154920
2008-11-01,Wales,124325
2008-11-01,England,158831
2008-11-01,Scotland,124927
2008-11-01,United Kingdom,150563
2008-12-01,England,156533
2008-12-01,Scotland,121026
2008-12-01,Wales,122526
2008-12-01,United Kingdom,148267
2009-01-01,Wales,118377
2009-01-01,Scotland,119792
2009-01-01,England,153585
2009-01-01,United Kingdom,144840
2009-02-01,England,151964
2009-02-01,Wales,117437
2009-02-01,Scotland,116433
2009-02-01,United Kingdom,143166
2009-03-01,Scotland,120988
2009-03-01,Wales,116562
2009-03-01,England,150438
2009-03-01,United Kingdom,142278
2009-04-01,Wales,118693
2009-04-01,Scotland,122189
2009-04-01,England,151724
2009-04-01,United Kingdom,143567
2009-05-01,Scotland,125773
2009-05-01,Wales,120582
2009-05-01,England,153648
2009-05-01,United Kingdom,145550
2009-06-01,England,155344
2009-06-01,Wales,119254
2009-06-01,Scotland,127072
2009-06-01,United Kingdom,146984
2009-07-01,Scotland,128109
2009-07-01,Wales,121462
2009-07-01,England,158306
2009-07-01,United Kingdom,149620
2009-08-01,Scotland,127658
2009-08-01,England,160128
2009-08-01,Wales,121924
2009-08-01,United Kingdom,151096
2009-09-01,Scotland,126761
2009-09-01,Wales,122364
2009-09-01,England,161649
2009-09-01,United Kingdom,152283
2009-10-01,Scotland,127904
2009-10-01,England,162688
2009-10-01,Wales,123750
2009-10-01,United Kingdom,153306
2009-11-01,Scotland,129125
2009-11-01,England,163163
2009-11-01,Wales,124162
2009-11-01,United Kingdom,153823
2009-12-01,England,164408
2009-12-01,Scotland,128022
2009-12-01,Wales,125911
2009-12-01,United Kingdom,154832
2010-01-01,Wales,120944
2010-01-01,England,164711
2010-01-01,Scotland,124112
2010-01-01,United Kingdom,154268
2010-02-01,England,165457
2010-02-01,Wales,121157
2010-02-01,Scotland,121755
2010-02-01,United Kingdom,154654
2010-03-01,England,165002
2010-03-01,Wales,123732
2010-03-01,Scotland,124038
2010-03-01,United Kingdom,154645
2010-04-01,Scotland,128143
2010-04-01,Wales,124745
2010-04-01,England,166919
2010-04-01,United Kingdom,156625
2010-05-01,Wales,125442
2010-05-01,England,167823
2010-05-01,Scotland,127965
2010-05-01,United Kingdom,157379
2010-06-01,England,168675
2010-06-01,Scotland,129189
2010-06-01,Wales,124868
2010-06-01,United Kingdom,158155
2010-07-01,Wales,126912
2010-07-01,England,170434
2010-07-01,Scotland,130339
2010-07-01,United Kingdom,159757
2010-08-01,Wales,125413
2010-08-01,England,170706
2010-08-01,Scotland,128781
2010-08-01,United Kingdom,159748
2010-09-01,Wales,126090
2010-09-01,England,170162
2010-09-01,Scotland,128715
2010-09-01,United Kingdom,159337
2010-10-01,Wales,126064
2010-10-01,England,168152
2010-10-01,Scotland,128708
2010-10-01,United Kingdom,157562
2010-11-01,England,166452
2010-11-01,Wales,120670
2010-11-01,Scotland,126552
2010-11-01,United Kingdom,155691
2010-12-01,England,166202
2010-12-01,Scotland,124867
2010-12-01,Wales,122109
2010-12-01,United Kingdom,155405
2011-01-01,Wales,120980
2011-01-01,Scotland,124856
2011-01-01,England,164697
2011-01-01,United Kingdom,154113
2011-02-01,England,164101
2011-02-01,Wales,121161
2011-02-01,Scotland,121170
2011-02-01,United Kingdom,153297
2011-03-01,Scotland,121416
2011-03-01,Wales,118483
2011-03-01,England,163378
2011-03-01,United Kingdom,152591
2011-04-01,England,165687
2011-04-01,Wales,122354
2011-04-01,Scotland,124954
2011-04-01,United Kingdom,154958
2011-05-01,Wales,121278
2011-05-01,England,164910
2011-05-01,Scotland,124938
2011-05-01,United Kingdom,154269
2011-06-01,England,165071
2011-06-01,Scotland,126264
2011-06-01,Wales,121453
2011-06-01,United Kingdom,154530
2011-07-01,England,167266
2011-07-01,Scotland,128400
2011-07-01,Wales,121731
2011-07-01,United Kingdom,156476
2011-08-01,Wales,122518
2011-08-01,England,167428
2011-08-01,Scotland,127523
2011-08-01,United Kingdom,156570
2011-09-01,Scotland,126976
2011-09-01,Wales,124054
2011-09-01,England,166907
2011-09-01,United Kingdom,156179
2011-10-01,Scotland,124255
2011-10-01,England,165385
2011-10-01,Wales,120911
2011-10-01,United Kingdom,154456
2011-11-01,Wales,123484
2011-11-01,Scotland,123373
2011-11-01,England,165412
2011-11-01,United Kingdom,154533
2011-12-01,Wales,120627
2011-12-01,Scotland,121178
2011-12-01,England,165046
2011-12-01,United Kingdom,153880
2012-01-01,England,164449
2012-01-01,Scotland,120989
2012-01-01,Wales,120342
2012-01-01,United Kingdom,152831
2012-02-01,England,164432
2012-02-01,Wales,119610
2012-02-01,Scotland,117292
2012-02-01,United Kingdom,152415
2012-03-01,England,164584
2012-03-01,Wales,119522
2012-03-01,Scotland,120685
2012-03-01,United Kingdom,152866
2012-04-01,England,166680
2012-04-01,Wales,121352
2012-04-01,Scotland,120417
2012-04-01,United Kingdom,154623
2012-05-01,England,167136
2012-05-01,Wales,121528
2012-05-01,Scotland,121688
2012-05-01,United Kingdom,155121
2012-06-01,England,168713
2012-06-01,Wales,123077
2012-06-01,Scotland,123523
2012-06-01,United Kingdom,156645
2012-07-01,Wales,122468
2012-07-01,England,169714
2012-07-01,Scotland,122685
2012-07-01,United Kingdom,157246
2012-08-01,Wales,122012
2012-08-01,England,170066
2012-08-01,Scotland,121958
2012-08-01,United Kingdom,157431
2012-09-01,England,169532
2012-09-01,Wales,121152
2012-09-01,Scotland,121080
2012-09-01,United Kingdom,156871
2012-10-01,England,168445
2012-10-01,Wales,120138
2012-10-01,Scotland,119920
2012-10-01,United Kingdom,155761
2012-11-01,England,168681
2012-11-01,Scotland,118524
2012-11-01,Wales,121625
2012-11-01,United Kingdom,155888
2012-12-01,England,168440
2012-12-01,Scotland,117574
2012-12-01,Wales,120386
2012-12-01,United Kingdom,155534
2013-01-01,Scotland,117973
2013-01-01,Wales,120804
2013-01-01,England,166938
2013-01-01,United Kingdom,154495
2013-02-01,Scotland,115650
2013-02-01,Wales,119021
2013-02-01,England,167304
2013-02-01,United Kingdom,154465
2013-03-01,England,168234
2013-03-01,Scotland,116783
2013-03-01,Wales,120226
2013-03-01,United Kingdom,155385
2013-04-01,Scotland,118758
2013-04-01,England,169850
2013-04-01,Wales,119939
2013-04-01,United Kingdom,156909
2013-05-01,Wales,121804
2013-05-01,England,170531
2013-05-01,Scotland,120633
2013-05-01,United Kingdom,157736
2013-06-01,Scotland,122327
2013-06-01,Wales,122504
2013-06-01,England,171916
2013-06-01,United Kingdom,159045
2013-07-01,Wales,121672
2013-07-01,England,173979
2013-07-01,Scotland,123580
2013-07-01,United Kingdom,160830
2013-08-01,Wales,123888
2013-08-01,England,175271
2013-08-01,Scotland,124889
2013-08-01,United Kingdom,162110
2013-09-01,England,175686
2013-09-01,Scotland,122961
2013-09-01,Wales,123171
2013-09-01,United Kingdom,162217
2013-10-01,England,175003
2013-10-01,Wales,121282
2013-10-01,Scotland,122611
2013-10-01,United Kingdom,161554
2013-11-01,Wales,123119
2013-11-01,Scotland,123781
2013-11-01,England,175855
2013-11-01,United Kingdom,162450
2013-12-01,England,178011
2013-12-01,Wales,121748
2013-12-01,Scotland,122231
2013-12-01,United Kingdom,163942
2014-01-01,Wales,124609
2014-01-01,Scotland,122220
2014-01-01,England,177748
2014-01-01,United Kingdom,164137
2014-02-01,Scotland,120322
2014-02-01,England,178769
2014-02-01,Wales,125315
2014-02-01,United Kingdom,164818
2014-03-01,Scotland,121877
2014-03-01,Wales,123531
2014-03-01,England,179421
2014-03-01,United Kingdom,165385
2014-04-01,England,183399
2014-04-01,Scotland,124711
2014-04-01,Wales,125605
2014-04-01,United Kingdom,169065
2014-05-01,Scotland,126714
2014-05-01,England,185212
2014-05-01,Wales,128324
2014-05-01,United Kingdom,170856
2014-06-01,England,186892
2014-06-01,Scotland,128414
2014-06-01,Wales,127844
2014-06-01,United Kingdom,172331
2014-07-01,Scotland,130067
2014-07-01,England,189606
2014-07-01,Wales,128366
2014-07-01,United Kingdom,174755
2014-08-01,Wales,129444
2014-08-01,Scotland,130465
2014-08-01,England,192042
2014-08-01,United Kingdom,176803
2014-09-01,Scotland,129726
2014-09-01,Wales,130873
2014-09-01,England,192263
2014-09-01,United Kingdom,176993
2014-10-01,England,191952
2014-10-01,Scotland,129927
2014-10-01,Wales,129368
2014-10-01,United Kingdom,176731
2014-11-01,England,191380
2014-11-01,Wales,129622
2014-11-01,Scotland,128308
2014-11-01,United Kingdom,176137
2014-12-01,Scotland,127668
2014-12-01,England,191986
2014-12-01,Wales,129628
2014-12-01,United Kingdom,176561
2015-01-01,Wales,128912
2015-01-01,England,191523
2015-01-01,Scotland,129869
2015-01-01,United Kingdom,175636
2015-02-01,Scotland,127575
2015-02-01,Wales,128403
2015-02-01,England,192060
2015-02-01,United Kingdom,175785
2015-03-01,England,191999
2015-03-01,Scotland,134523
2015-03-01,Wales,128044
2015-03-01,United Kingdom,176439
2015-04-01,Scotland,128978
2015-04-01,Wales,129756
2015-04-01,England,194432
2015-04-01,United Kingdom,177994
2015-05-01,Wales,130243
2015-05-01,Scotland,130564
2015-05-01,England,196630
2015-05-01,United Kingdom,179917
2015-06-01,England,198149
2015-06-01,Scotland,131762
2015-06-01,Wales,131119
2015-06-01,United Kingdom,181289
2015-07-01,England,201590
2015-07-01,Wales,131815
2015-07-01,Scotland,133810
2015-07-01,United Kingdom,184365
2015-08-01,England,203703
2015-08-01,Scotland,133341
2015-08-01,Wales,133176
2015-08-01,United Kingdom,186053
2015-09-01,England,204263
2015-09-01,Wales,132795
2015-09-01,Scotland,133035
2015-09-01,United Kingdom,186435
2015-10-01,Scotland,132471
2015-10-01,Wales,133423
2015-10-01,England,204572
2015-10-01,United Kingdom,186689
2015-11-01,Wales,133482
2015-11-01,Scotland,133255
2015-11-01,England,206293
2015-11-01,United Kingdom,188125
2015-12-01,Scotland,131549
2015-12-01,Wales,133999
2015-12-01,England,207315
2015-12-01,United Kingdom,188767
2016-01-01,Wales,132574
2016-01-01,Scotland,131634
2016-01-01,England,208050
2016-01-01,United Kingdom,189268
2016-02-01,Scotland,129551
2016-02-01,England,208301
2016-02-01,Wales,135127
2016-02-01,United Kingdom,189352
2016-03-01,England,210224
2016-03-01,Scotland,131107
2016-03-01,Wales,134091
2016-03-01,United Kingdom,191298
2016-04-01,Scotland,131303
2016-04-01,Wales,134382
2016-04-01,England,211282
2016-04-01,United Kingdom,192013
2016-05-01,Scotland,133044
2016-05-01,England,213723
2016-05-01,Wales,136627
2016-05-01,United Kingdom,194250
2016-06-01,Wales,138664
2016-06-01,England,215668
2016-06-01,Scotland,134949
2016-06-01,United Kingdom,196106
2016-07-01,England,217970
2016-07-01,Wales,138575
2016-07-01,Scotland,136931
2016-07-01,United Kingdom,198169
2016-08-01,Scotland,135571
2016-08-01,Wales,137657
2016-08-01,England,218261
2016-08-01,United Kingdom,198186
2016-09-01,Scotland,135236
2016-09-01,England,217952
2016-09-01,Wales,137271
2016-09-01,United Kingdom,197883
2016-10-01,Scotland,134368
2016-10-01,Wales,138864
2016-10-01,England,217098
2016-10-01,United Kingdom,197230
2016-11-01,England,218146
2016-11-01,Scotland,135543
2016-11-01,Wales,138504
2016-11-01,United Kingdom,198157
2016-12-01,England,218965
2016-12-01,Wales,138659
2016-12-01,Scotland,132996
2016-12-01,United Kingdom,198513
2017-01-01,England,218655
2017-01-01,Scotland,133141
2017-01-01,Wales,138614
2017-01-01,United Kingdom,198276
2017-02-01,Wales,138086
2017-02-01,England,219696
2017-02-01,Scotland,130885
2017-02-01,United Kingdom,198695
2017-03-01,Scotland,131731
2017-03-01,Wales,139940
2017-03-01,England,218812
2017-03-01,United Kingdom,198270
2017-04-01,Wales,141933
2017-04-01,Scotland,135773
2017-04-01,England,221891
2017-04-01,United Kingdom,201407
2017-05-01,Scotland,136715
2017-05-01,England,223502
2017-05-01,Wales,139592
2017-05-01,United Kingdom,202616
2017-06-01,Scotland,138220
2017-06-01,Wales,142401
2017-06-01,England,225265
2017-06-01,United Kingdom,204347
2017-07-01,Scotland,142004
2017-07-01,Wales,143002
2017-07-01,England,227919
2017-07-01,United Kingdom,207005
2017-08-01,England,229074
2017-08-01,Wales,144735
2017-08-01,Scotland,141685
2017-08-01,United Kingdom,207944
2017-09-01,Scotland,139082
2017-09-01,Wales,145083
2017-09-01,England,228519
2017-09-01,United Kingdom,207167
2017-10-01,England,228484
2017-10-01,Scotland,139591
2017-10-01,Wales,146794
2017-10-01,United Kingdom,207349
2017-11-01,Wales,144972
2017-11-01,England,227618
2017-11-01,Scotland,140834
2017-11-01,United Kingdom,206760
2017-12-01,Scotland,139761
2017-12-01,Wales,145617
2017-12-01,England,228837
2017-12-01,United Kingdom,207568
2018-01-01,Wales,144990
2018-01-01,Scotland,141353
2018-01-01,England,227594
2018-01-01,United Kingdom,206844
2018-02-01,England,228471
2018-02-01,Wales,145068
2018-02-01,Scotland,140480
2018-02-01,United Kingdom,207385
2018-03-01,England,226996
2018-03-01,Wales,145837
2018-03-01,Scotland,139202
2018-03-01,United Kingdom,206133
2018-04-01,Wales,145412
2018-04-01,England,228855
2018-04-01,Scotland,142832
2018-04-01,United Kingdom,208103
2018-05-01,England,229845
2018-05-01,Wales,146531
2018-05-01,Scotland,143019
2018-05-01,United Kingdom,208953
2018-06-01,Scotland,144308
2018-06-01,England,231277
2018-06-01,Wales,148527
2018-06-01,United Kingdom,210355
2018-07-01,Scotland,146056
2018-07-01,England,234127
2018-07-01,Wales,150195
2018-07-01,United Kingdom,212963
2018-08-01,Wales,152466
2018-08-01,Scotland,146404
2018-08-01,England,234731
2018-08-01,United Kingdom,213618
2018-09-01,England,234380
2018-09-01,Scotland,145738
2018-09-01,Wales,151747
2018-09-01,United Kingdom,213210
2018-10-01,Wales,152401
2018-10-01,Scotland,145816
2018-10-01,England,233916
2018-10-01,United Kingdom,212986
2018-11-01,England,233144
2018-11-01,Wales,151646
2018-11-01,Scotland,143919
2018-11-01,United Kingdom,212077
2018-12-01,Wales,153612
2018-12-01,England,232616
2018-12-01,Scotland,142681
2018-12-01,United Kingdom,211621
2019-01-01,Wales,150122
2019-01-01,England,230974
2019-01-01,Scotland,144124
2019-01-01,United Kingdom,210317
2019-02-01,England,230772
2019-02-01,Wales,150566
2019-02-01,Scotland,141355
2019-02-01,United Kingdom,209787
2019-03-01,England,229408
2019-03-01,Scotland,143985
2019-03-01,Wales,151406
2019-03-01,United Kingdom,209202
2019-04-01,England,230994
2019-04-01,Scotland,145110
2019-04-01,Wales,152875
2019-04-01,United Kingdom,210718
2019-05-01,Scotland,145709
2019-05-01,England,231245
2019-05-01,Wales,153038
2019-05-01,United Kingdom,211005
2019-06-01,Scotland,146925
2019-06-01,Wales,154250
2019-06-01,England,232112
2019-06-01,United Kingdom,211915
2019-07-01,Wales,155700
2019-07-01,England,234587
2019-07-01,Scotland,148942
2019-07-01,United Kingdom,214282
2019-08-01,Wales,159275
2019-08-01,Scotland,148383
2019-08-01,England,235298
2019-08-01,United Kingdom,214971
2019-09-01,England,235691
2019-09-01,Wales,155676
2019-09-01,Scotland,149037
2019-09-01,United Kingdom,215127
2019-10-01,England,234940
2019-10-01,Wales,157444
2019-10-01,Scotland,148150
2019-10-01,United Kingdom,214559
2019-11-01,England,234020
2019-11-01,Wales,159560
2019-11-01,Scotland,146779
2019-11-01,United Kingdom,213801
2019-12-01,England,234237
2019-12-01,Wales,157588
2019-12-01,Scotland,144623
2019-12-01,United Kingdom,213521
2020-01-01,England,234049
2020-01-01,Scotland,147731
2020-01-01,Wales,154532
2020-01-01,United Kingdom,213657
2020-02-01,Wales,157134
2020-02-01,England,232955
2020-02-01,Scotland,143944
2020-02-01,United Kingdom,212429
2020-03-01,Scotland,144948
2020-03-01,England,235204
2020-03-01,Wales,158163
2020-03-01,United Kingdom,214344
2020-04-01,England,232657
2020-04-01,Scotland,146059
2020-04-01,Wales,151534
2020-04-01,United Kingdom,212160
2020-05-01,Wales,154054
2020-05-01,Scotland,147150
2020-05-01,England,233673
2020-05-01,United Kingdom,213258
2020-06-01,England,236731
2020-06-01,Scotland,149474
2020-06-01,Wales,158488
2020-06-01,United Kingdom,216208
2020-07-01,England,239080
2020-07-01,Scotland,148755
2020-07-01,Wales,159465
2020-07-01,United Kingdom,218030
2020-08-01,England,241511
2020-08-01,Wales,163805
2020-08-01,Scotland,148875
2020-08-01,United Kingdom,220163
2020-09-01,England,243733
2020-09-01,Wales,160994
2020-09-01,Scotland,154532
2020-09-01,United Kingdom,222511
2020-10-01,Wales,166597
2020-10-01,England,245090
2020-10-01,Scotland,156874
2020-10-01,United Kingdom,224377
2020-11-01,England,247749
2020-11-01,Scotland,157849
2020-11-01,Wales,168781
2020-11-01,United Kingdom,226675
2020-12-01,Scotland,156254
2020-12-01,Wales,171640
2020-12-01,England,250168
2020-12-01,United Kingdom,228446
2021-01-01,Wales,169842
2021-01-01,Scotland,157866
2021-01-01,England,249890
2021-01-01,United Kingdom,228417
2021-02-01,Scotland,155612
2021-02-01,England,251309
2021-02-01,Wales,168438
2021-02-01,United Kingdom,229067
2021-03-01,Scotland,160963
2021-03-01,England,254407
2021-03-01,Wales,173661
2021-03-01,United Kingdom,232463
2021-04-01,Scotland,154719
2021-04-01,England,250703
2021-04-01,Wales,171658
2021-04-01,United Kingdom,228979
2021-05-01,Scotland,161935
2021-05-01,England,251203
2021-05-01,Wales,174016
2021-05-01,United Kingdom,230532
2021-06-01,Scotland,165261
2021-06-01,England,266129
2021-06-01,Wales,184345
2021-06-01,United Kingdom,242777
2021-07-01,England,250545
2021-07-01,Scotland,168799
2021-07-01,Wales,176129
2021-07-01,United Kingdom,231386
2021-08-01,Wales,180281
2021-08-01,Scotland,170669
2021-08-01,England,259193
2021-08-01,United Kingdom,238403
2021-09-01,Wales,185561
2021-09-01,Scotland,170829
2021-09-01,England,268041
2021-09-01,United Kingdom,245371
2021-10-01,England,259748
2021-10-01,Wales,186951
2021-10-01,Scotland,170955
2021-10-01,United Kingdom,239236
2021-11-01,England,265662
2021-11-01,Wales,186520
2021-11-01,Scotland,172873
2021-11-01,United Kingdom,243930
2021-12-01,Scotland,169213
2021-12-01,Wales,189741
2021-12-01,England,267793
2021-12-01,United Kingdom,245189
2022-01-01,England,270231
2022-01-01,Scotland,173589
2022-01-01,Wales,191552
2022-01-01,United Kingdom,248031
2022-02-01,England,271265
2022-02-01,Scotland,170905
2022-02-01,Wales,189656
2022-02-01,United Kingdom,248309
2022-03-01,England,272225
2022-03-01,Scotland,171510
2022-03-01,Wales,191471
2022-03-01,United Kingdom,249232
2022-04-01,Wales,195875
2022-04-01,England,274812
2022-04-01,Scotland,175109
2022-04-01,United Kingdom,252167
2022-05-01,England,278084
2022-05-01,Wales,196682
2022-05-01,Scotland,177326
2022-05-01,United Kingdom,255040
2022-06-01,England,281116
2022-06-01,Scotland,181120
2022-06-01,Wales,200277
2022-06-01,United Kingdom,258118
2022-07-01,Wales,203313
2022-07-01,England,286526
2022-07-01,Scotland,182979
2022-07-01,United Kingdom,262904
2022-08-01,Wales,204218
2022-08-01,England,289294
2022-08-01,Scotland,183378
2022-08-01,United Kingdom,265124
2022-09-01,Wales,207696
2022-09-01,England,290185
2022-09-01,Scotland,181639
2022-09-01,United Kingdom,265727
2022-10-01,England,289993
2022-10-01,Scotland,182341
2022-10-01,Wales,208209
2022-10-01,United Kingdom,265693
2022-11-01,Wales,205941
2022-11-01,Scotland,180523
2022-11-01,England,290003
2022-11-01,United Kingdom,265299
2022-12-01,Wales,206563
2022-12-01,Scotland,175560
2022-12-01,England,288198
2022-12-01,United Kingdom,263190
2023-01-01,Wales,201853
2023-01-01,England,285817
2023-01-01,Scotland,175092
2023-01-01,United Kingdom,260941
2023-02-01,Scotland,171282
2023-02-01,Wales,200870
2023-02-01,England,283907
2023-02-01,United Kingdom,258788
2023-03-01,England,279592
2023-03-01,Scotland,173352
2023-03-01,Wales,199167
2023-03-01,United Kingdom,255885
2023-04-01,Wales,195717
2023-04-01,Scotland,175512
2023-04-01,England,280054
2023-04-01,United Kingdom,256479
2023-05-01,England,279846
2023-05-01,Wales,199616
2023-05-01,Scotland,179854
2023-05-01,United Kingdom,257330
2023-06-01,England,281585
2023-06-01,Scotland,177705
2023-06-01,Wales,200183
2023-06-01,United Kingdom,258275
2023-07-01,Scotland,181013
2023-07-01,Wales,202620
2023-07-01,England,284246
2023-07-01,United Kingdom,261182
2023-08-01,Scotland,182593
2023-08-01,Wales,203852
2023-08-01,England,285690
2023-08-01,United Kingdom,262602
2023-09-01,Scotland,180364
2023-09-01,Wales,204460
2023-09-01,England,284428
2023-09-01,United Kingdom,261318
2023-10-01,England,283147
2023-10-01,Scotland,180051
2023-10-01,Wales,202477
2023-10-01,United Kingdom,260129
2023-11-01,Scotland,179184
2023-11-01,Wales,201778
2023-11-01,England,281026
2023-11-01,United Kingdom,258368
2023-12-01,England,278664
2023-12-01,Wales,202077
2023-12-01,Scotland,176538
2023-12-01,United Kingdom,256177
2024-01-01,England,278060
2024-01-01,Wales,197808
2024-01-01,Scotland,179248
2024-01-01,United Kingdom,255972
2024-02-01,Scotland,175883
2024-02-01,Wales,199272
2024-02-01,England,276935
2024-02-01,United Kingdom,254633
2024-03-01,Scotland,177778
2024-03-01,England,276971
2024-03-01,Wales,200795
2024-03-01,United Kingdom,255082
2024-04-01,Wales,199545
2024-04-01,England,277945
2024-04-01,Scotland,180647
2024-04-01,United Kingdom,256478
2024-05-01,England,280824
2024-05-01,Wales,199330
2024-05-01,Scotland,180418
2024-05-01,United Kingdom,258565
2024-06-01,England,281611
2024-06-01,Scotland,181219
2024-06-01,Wales,204368
2024-06-01,United Kingdom,259585
2024-07-01,Scotland,185882
2024-07-01,England,284105
2024-07-01,Wales,204982
2024-07-01,United Kingdom,262479
2024-08-01,Wales,207156
2024-08-01,Scotland,186285
2024-08-01,England,287343
2024-08-01,United Kingdom,265085
2024-09-01,England,287576
2024-09-01,Wales,203822
2024-09-01,Scotland,184496
2024-09-01,United Kingdom,264750
2024-10-01,Wales,207454
2024-10-01,England,287595
2024-10-01,Scotland,185664
2024-10-01,United Kingdom,265252
2024-11-01,Wales,207435
2024-11-01,Scotland,184775
2024-11-01,England,286814
2024-11-01,United Kingdom,264515
2024-12-01,England,287129
2024-12-01,Wales,204481
2024-12-01,Scotland,181899
2024-12-01,United Kingdom,264069
2025-01-01,Wales,206039
2025-01-01,Scotland,185467
2025-01-01,England,287299
2025-01-01,United Kingdom,264990
2025-02-01,Wales,205804
2025-02-01,England,288066
2025-02-01,Scotland,182249
2025-02-01,United Kingdom,264971
2025-03-01,England,292746
2025-03-01,Scotland,183543
2025-03-01,Wales,206272
2025-03-01,United Kingdom,268686
2025-04-01,Scotland,186805
2025-04-01,England,282094
2025-04-01,Wales,207610
2025-04-01,United Kingdom,261485
2025-05-01,England,286901
2025-05-01,Wales,207842
2025-05-01,Scotland,186762
2025-05-01,United Kingdom,265065
2025-06-01,England,290082
2025-06-01,Scotland,190353
2025-06-01,Wales,209571
2025-06-01,United Kingdom,268151
2025-07-01,England,292489
2025-07-01,Scotland,191874
2025-07-01,Wales,210006
2025-07-01,United Kingdom,270557
2025-08-01,Wales,210287
2025-08-01,Scotland,191873
2025-08-01,England,293768
2025-08-01,United Kingdom,271523
2025-09-01,England,291752
2025-09-01,Wales,208837
2025-09-01,Scotland,192525
2025-09-01,United Kingdom,270055
2025-10-01,Wales,210258
2025-10-01,Scotland,192631
2025-10-01,England,291993
2025-10-01,United Kingdom,270334
2025-11-01,Scotland,193114
2025-11-01,Wales,208935
2025-11-01,England,293131
2025-11-01,United Kingdom,271188
